"DateTime","AirTemp_C","Shortwave_Wm2","Inflow_cms","Lake","Site","DataType"
2016-12-01,8.29,61.8939130434783,0.045,"FCR",50,"modeled"
2016-12-02,7.30041666666667,114.131666666667,0.0423,"FCR",50,"modeled"
2016-12-03,6.64125,99.6416666666667,0.0403,"FCR",50,"modeled"
2016-12-04,6.8675,75.4775,0.0392,"FCR",50,"modeled"
2016-12-05,6.72083333333333,72.1379166666667,0.0382,"FCR",50,"modeled"
2016-12-06,4.91583333333333,98.82875,0.0368,"FCR",50,"modeled"
2016-12-07,3.29833333333333,69.4920833333333,0.0599,"FCR",50,"modeled"
2016-12-08,1.97333333333333,56.7070833333333,0.0603,"FCR",50,"modeled"
2016-12-09,5.28916666666667,77.94125,0.0378,"FCR",50,"modeled"
2016-12-10,7.21125,106.076956521739,0.0284,"FCR",50,"modeled"
2016-12-11,5.65,96.834347826087,0.0244,"FCR",50,"modeled"
2016-12-12,5.91166666666667,81.0965217391304,0.0195,"FCR",50,"modeled"
2016-12-13,8.28083333333333,80.9009523809524,0.0226,"FCR",50,"modeled"
2016-12-14,6.57375,80.4804545454545,0.0168,"FCR",50,"modeled"
2016-12-15,6.46791666666667,92.8413043478261,0.0106,"FCR",50,"modeled"
2016-12-16,7.75541666666667,43.1136363636364,0.0106,"FCR",50,"modeled"
2016-12-17,5.78125,89.4486363636364,0.005,"FCR",50,"modeled"
2016-12-18,4.285,99.3409090909091,0.0045,"FCR",50,"modeled"
2016-12-19,2.48291666666667,91.9286363636364,0.0031,"FCR",50,"modeled"
2016-12-20,-1.62666666666667,123.942173913043,0.0031,"FCR",50,"modeled"
2016-12-21,4.45791666666667,127.754090909091,0.0029,"FCR",50,"modeled"
2016-12-22,7.4675,121.909545454545,0.0027,"FCR",50,"modeled"
2016-12-23,4.12458333333333,85.7436363636364,0.0025,"FCR",50,"modeled"
2016-12-24,8.39833333333333,19.4040909090909,0.0023,"FCR",50,"modeled"
2016-12-25,7.61041666666667,33.8272727272727,0.002,"FCR",50,"modeled"
2016-12-26,6.78125,19.2927272727273,0.0018,"FCR",50,"modeled"
2016-12-27,11.9375,53.4440909090909,0.0016,"FCR",50,"modeled"
2016-12-28,4.32166666666667,113.026363636364,0.0014,"FCR",50,"modeled"
2016-12-29,5.84,91.4209090909091,0.0012,"FCR",50,"modeled"
2016-12-30,0.557083333333333,128.298636363636,0.001,"FCR",50,"modeled"
2016-12-31,1.49208333333333,60.1590909090909,8e-04,"FCR",50,"modeled"
2017-01-01,9.07541666666667,81.7068181818182,0.0012,"FCR",50,"modeled"
2017-01-02,8.23208333333333,18.87,0.0015,"FCR",50,"modeled"
2017-01-03,7.68958333333333,36.2263636363636,0.0019,"FCR",50,"modeled"
2017-01-04,8.83208333333333,62.2009090909091,0.0022,"FCR",50,"modeled"
2017-01-05,-0.0233333333333333,31.2013636363636,0.0016,"FCR",50,"modeled"
2017-01-06,-2.28166666666667,43.865,0.0013,"FCR",50,"modeled"
2017-01-07,-7.10625,79.4077272727273,9e-04,"FCR",50,"modeled"
2017-01-08,-10.2841666666667,141.795454545455,0.0052,"FCR",50,"modeled"
2017-01-09,-8.6925,122.050909090909,0.0079,"FCR",50,"modeled"
2017-01-10,-2.40625,65.7986363636364,0.0012,"FCR",50,"modeled"
2017-01-11,3.38583333333333,56.0790909090909,0.0018,"FCR",50,"modeled"
2017-01-12,9.32,78.0677272727273,0.0016,"FCR",50,"modeled"
2017-01-13,12.3654166666667,89.3227272727273,0.0022,"FCR",50,"modeled"
2017-01-14,4.25333333333333,53.8359090909091,0.0029,"FCR",50,"modeled"
2017-01-15,8.23916666666667,55.7140909090909,0.0027,"FCR",50,"modeled"
2017-01-16,4.51833333333333,47.0909090909091,0.0025,"FCR",50,"modeled"
2017-01-17,7.82291666666667,22.0931818181818,0.0023,"FCR",50,"modeled"
2017-01-18,11.2620833333333,139.583181818182,0.002,"FCR",50,"modeled"
2017-01-19,8.00541666666667,134.81,0.0018,"FCR",50,"modeled"
2017-01-20,8.85583333333333,56.4886363636364,0.0016,"FCR",50,"modeled"
2017-01-21,8.18208333333333,66.7495454545455,0.0014,"FCR",50,"modeled"
2017-01-22,9.99041666666667,23.4222727272727,0.0094,"FCR",50,"modeled"
2017-01-23,6.91875,31.8831818181818,0.0173,"FCR",50,"modeled"
2017-01-24,6.68375,129.554090909091,0.0252,"FCR",50,"modeled"
2017-01-25,10.50625,146.283913043478,0.0234,"FCR",50,"modeled"
2017-01-26,9.01041666666667,135.985652173913,0.0201,"FCR",50,"modeled"
2017-01-27,1.26958333333333,58.7904347826087,0.0191,"FCR",50,"modeled"
2017-01-28,2.96333333333333,147.180434782609,0.0173,"FCR",50,"modeled"
2017-01-29,2.71458333333333,55.9113043478261,0.0178,"FCR",50,"modeled"
2017-01-30,-1.52083333333333,106.825217391304,0.0144,"FCR",50,"modeled"
2017-01-31,6.39958333333333,149.080833333333,0.0129,"FCR",50,"modeled"
2017-02-01,9.44625,87.8129166666667,0.0118,"FCR",50,"modeled"
2017-02-02,6.49541666666667,114.55875,0.0094,"FCR",50,"modeled"
2017-02-03,0.47,28.9620833333333,0.0105,"FCR",50,"modeled"
2017-02-04,-2.0875,160.321666666667,0.0064,"FCR",50,"modeled"
2017-02-05,5.8075,129.25375,0.0056,"FCR",50,"modeled"
2017-02-06,6.21625,79.3433333333333,0.0037,"FCR",50,"modeled"
2017-02-07,4.00791666666667,66.1979166666667,0.0031,"FCR",50,"modeled"
2017-02-08,2.54583333333333,138.163333333333,0.0027,"FCR",50,"modeled"
2017-02-09,2.78541666666667,142.480416666667,0.003,"FCR",50,"modeled"
2017-02-10,2.84333333333333,74.0095833333333,0.0015,"FCR",50,"modeled"
2017-02-11,5.79166666666667,83.55125,8e-04,"FCR",50,"modeled"
2017-02-12,3.55375,54.1820833333333,0.0012,"FCR",50,"modeled"
2017-02-13,1.64833333333333,87.1845833333333,9e-04,"FCR",50,"modeled"
2017-02-14,0.995833333333333,102.370833333333,8e-04,"FCR",50,"modeled"
2017-02-15,3.07041666666667,93.55375,7e-04,"FCR",50,"modeled"
2017-02-16,5.39041666666667,101.995833333333,6e-04,"FCR",50,"modeled"
2017-02-17,4.1475,95.624347826087,5e-04,"FCR",50,"modeled"
2017-02-18,4.56375,113.2125,4e-04,"FCR",50,"modeled"
2017-02-19,3.70458333333333,128.327083333333,3e-04,"FCR",50,"modeled"
2017-02-20,3.92291666666667,123.82652173913,4e-04,"FCR",50,"modeled"
2017-02-21,7.01666666666667,136.440434782609,5e-04,"FCR",50,"modeled"
2017-02-22,9.00291666666667,87.6169565217391,6e-04,"FCR",50,"modeled"
2017-02-23,8.07291666666667,110.663913043478,7e-04,"FCR",50,"modeled"
2017-02-24,8.81083333333333,98.2173913043478,8e-04,"FCR",50,"modeled"
2017-02-25,8.7275,143.83347826087,9e-04,"FCR",50,"modeled"
2017-02-26,6.00375,122.172173913043,0.001,"FCR",50,"modeled"
2017-02-27,4.93333333333333,160.359130434783,0.0011,"FCR",50,"modeled"
2017-02-28,8.40416666666667,128.597826086957,0.0012,"FCR",50,"modeled"
2017-03-01,7.55083333333333,122.189130434783,0.0013,"FCR",50,"modeled"
2017-03-02,7.45125,210.365454545455,0.0014,"FCR",50,"modeled"
2017-03-03,7.18416666666667,170.210454545455,0.0016,"FCR",50,"modeled"
2017-03-04,5.66541666666667,185.990454545455,0.0017,"FCR",50,"modeled"
2017-03-05,5.79541666666667,214.699545454545,0.0018,"FCR",50,"modeled"
2017-03-06,5.78875,143.931739130435,0.0019,"FCR",50,"modeled"
2017-03-07,5.99958333333333,167.759130434783,0.002,"FCR",50,"modeled"
2017-03-08,4.7675,191.779090909091,0.0021,"FCR",50,"modeled"
2017-03-09,7.24958333333333,181.697727272727,0.0022,"FCR",50,"modeled"
2017-03-10,10.33125,172.434090909091,0.0023,"FCR",50,"modeled"
2017-03-11,11.9441666666667,156.636818181818,0.0024,"FCR",50,"modeled"
2017-03-12,9.73,110.544782608696,0.0025,"FCR",50,"modeled"
2017-03-13,8.55708333333333,191.542272727273,0.0026,"FCR",50,"modeled"
2017-03-14,10.9391666666667,154.927272727273,0.0027,"FCR",50,"modeled"
2017-03-15,10.8420833333333,146.308181818182,0.0028,"FCR",50,"modeled"
2017-03-16,8.905,166.948181818182,0.0029,"FCR",50,"modeled"
2017-03-17,10.3341666666667,188.054090909091,0.003,"FCR",50,"modeled"
2017-03-18,10.58625,181.390909090909,0.0031,"FCR",50,"modeled"
2017-03-19,9.45666666666667,205.022727272727,0.0032,"FCR",50,"modeled"
2017-03-20,8.605,167.351304347826,0.0033,"FCR",50,"modeled"
2017-03-21,9.95041666666667,166.203913043478,0.0035,"FCR",50,"modeled"
2017-03-22,10.0525,212.151739130435,0.0036,"FCR",50,"modeled"
2017-03-23,9.58333333333333,156.879130434783,0.0037,"FCR",50,"modeled"
2017-03-24,11.4829166666667,151.69652173913,0.0038,"FCR",50,"modeled"
2017-03-25,12.1275,135.296086956522,0.0039,"FCR",50,"modeled"
2017-03-26,10.87375,202.581739130435,0.004,"FCR",50,"modeled"
2017-03-27,7.82458333333333,194.365416666667,0.0041,"FCR",50,"modeled"
2017-03-28,10.9925,165.092916666667,0.0042,"FCR",50,"modeled"
2017-03-29,11.8745833333333,228.98625,0.0043,"FCR",50,"modeled"
2017-03-30,13.9925,232.819583333333,0.0044,"FCR",50,"modeled"
2017-03-31,14.3333333333333,170.736666666667,0.0045,"FCR",50,"modeled"
2017-04-01,7.465,150.2225,0.0046,"FCR",50,"modeled"
2017-04-02,7.71458333333333,201.422916666667,0.0044,"FCR",50,"modeled"
2017-04-03,10.4204166666667,263.88,0.0043,"FCR",50,"modeled"
2017-04-04,11.7441666666667,251.920833333333,0.0041,"FCR",50,"modeled"
2017-04-05,13.4225,190.80125,0.0034,"FCR",50,"modeled"
2017-04-06,13.61125,229.472916666667,0.0028,"FCR",50,"modeled"
2017-04-07,13.3845833333333,152.635,0.0021,"FCR",50,"modeled"
2017-04-08,13.3379166666667,190.474166666667,0.0039,"FCR",50,"modeled"
2017-04-09,11.4358333333333,140.564166666667,0.0057,"FCR",50,"modeled"
2017-04-10,10.7383333333333,233.379130434783,0.0075,"FCR",50,"modeled"
2017-04-11,11.77875,254.831304347826,0.0092,"FCR",50,"modeled"
2017-04-12,15.2508333333333,213.175217391304,0.011,"FCR",50,"modeled"
2017-04-13,16.6725,185.167083333333,0.0128,"FCR",50,"modeled"
2017-04-14,15.9483333333333,180.429130434783,0.0146,"FCR",50,"modeled"
2017-04-15,12.3533333333333,223.468695652174,0.0164,"FCR",50,"modeled"
2017-04-16,11.2591666666667,269.038260869565,0.0182,"FCR",50,"modeled"
2017-04-17,12.1833333333333,273.30652173913,0.0199,"FCR",50,"modeled"
2017-04-18,13.23375,230.651666666667,0.0217,"FCR",50,"modeled"
2017-04-19,12.5770833333333,194.245416666667,0.0235,"FCR",50,"modeled"
2017-04-20,12.95125,253.196086956522,0.0253,"FCR",50,"modeled"
2017-04-21,12.4066666666667,256.980869565217,0.0271,"FCR",50,"modeled"
2017-04-22,14.2579166666667,250.248260869565,0.0289,"FCR",50,"modeled"
2017-04-23,14.7258333333333,211.329130434783,0.0307,"FCR",50,"modeled"
2017-04-24,13.36375,94.2213043478261,0.0324,"FCR",50,"modeled"
2017-04-25,13.2125,136.527391304348,0.0597,"FCR",50,"modeled"
2017-04-26,18.8541666666667,297.851304347826,0.0455,"FCR",50,"modeled"
2017-04-27,18.7016666666667,171.218260869565,0.044,"FCR",50,"modeled"
2017-04-28,21.1558333333333,317.072727272727,0.0453,"FCR",50,"modeled"
2017-04-29,24.0354166666667,279.152727272727,0.0421,"FCR",50,"modeled"
2017-04-30,23.04875,295.151363636364,0.0385,"FCR",50,"modeled"
2017-05-01,19.7425,39.965,0.0345,"FCR",50,"modeled"
2017-05-02,18.4670833333333,317.923043478261,0.0368,"FCR",50,"modeled"
2017-05-03,17.3220833333333,318.45652173913,0.0278,"FCR",50,"modeled"
2017-05-04,14.5770833333333,126.13,0.0204,"FCR",50,"modeled"
2017-05-05,18.6583333333333,267.360869565217,0.1361,"FCR",50,"modeled"
2017-05-06,11.6020833333333,117.93652173913,0.0991,"FCR",50,"modeled"
2017-05-07,12.60875,273.526086956522,0.0892,"FCR",50,"modeled"
2017-05-08,13.3241666666667,342.707826086957,0.0837,"FCR",50,"modeled"
2017-05-09,12.0579166666667,69.7617391304348,0.0788,"FCR",50,"modeled"
2017-05-10,19.6216666666667,283.180869565217,0.078,"FCR",50,"modeled"
2017-05-11,19.28625,174.656956521739,0.075,"FCR",50,"modeled"
2017-05-12,11.7016666666667,33.3278260869565,0.0752,"FCR",50,"modeled"
2017-05-13,14.6508333333333,256.185217391304,0.0797,"FCR",50,"modeled"
2017-05-14,19.2904166666667,263.880869565217,0.0751,"FCR",50,"modeled"
2017-05-15,21.3620833333333,326.033043478261,0.0703,"FCR",50,"modeled"
2017-05-16,19.8683333333333,329.912173913043,0.059,"FCR",50,"modeled"
2017-05-17,23.5266666666667,326.317391304348,0.0502,"FCR",50,"modeled"
2017-05-18,23.5341666666667,283.464782608696,0.0415,"FCR",50,"modeled"
2017-05-19,23.4070833333333,252.891304347826,0.0372,"FCR",50,"modeled"
2017-05-20,22.5708333333333,230.054782608696,0.0323,"FCR",50,"modeled"
2017-05-21,17.1116666666667,66.9,0.0277,"FCR",50,"modeled"
2017-05-22,19.7179166666667,220.202173913043,0.0284,"FCR",50,"modeled"
2017-05-23,16.5491666666667,58.8508695652174,0.0243,"FCR",50,"modeled"
2017-05-24,15.9033333333333,69.0591304347826,0.0588,"FCR",50,"modeled"
2017-05-25,16.8658333333333,205.400869565217,0.1193,"FCR",50,"modeled"
2017-05-26,20.4091666666667,325.37,0.0968,"FCR",50,"modeled"
2017-05-27,22.6358333333333,241.048695652174,0.0853,"FCR",50,"modeled"
2017-05-28,21.895,191.152608695652,0.0804,"FCR",50,"modeled"
2017-05-29,21.8116666666667,235.22,0.0808,"FCR",50,"modeled"
2017-05-30,22.3566666666667,250.973043478261,0.0751,"FCR",50,"modeled"
2017-05-31,20.9354166666667,239.238695652174,0.0702,"FCR",50,"modeled"
2017-06-01,21.31,326.436086956522,0.0627,"FCR",50,"modeled"
2017-06-02,20.4116666666667,348.514782608696,0.0531,"FCR",50,"modeled"
2017-06-03,20.90125,336.467826086957,0.0435,"FCR",50,"modeled"
2017-06-04,22.00375,311.364583333333,0.0356,"FCR",50,"modeled"
2017-06-05,18.2579166666667,72.06625,0.0402,"FCR",50,"modeled"
2017-06-06,20.64375,323.779166666667,0.0424,"FCR",50,"modeled"
2017-06-07,17.66875,177.659166666667,0.0346,"FCR",50,"modeled"
2017-06-08,16.9254166666667,184.2075,0.0277,"FCR",50,"modeled"
2017-06-09,19.1970833333333,305.764166666667,0.0262,"FCR",50,"modeled"
2017-06-10,21.62625,310.960833333333,0.0242,"FCR",50,"modeled"
2017-06-11,23.6491666666667,264.675,0.0216,"FCR",50,"modeled"
2017-06-12,24.8145833333333,282.58375,0.0189,"FCR",50,"modeled"
2017-06-13,24.02375,227.857916666667,0.0208,"FCR",50,"modeled"
2017-06-14,23.0629166666667,264.579166666667,0.0205,"FCR",50,"modeled"
2017-06-15,22.8691666666667,266.010416666667,0.0189,"FCR",50,"modeled"
2017-06-16,22.4116666666667,123.040416666667,0.0192,"FCR",50,"modeled"
2017-06-17,23.0945833333333,216.424583333333,0.0266,"FCR",50,"modeled"
2017-06-18,25.2775,249.577916666667,0.0437,"FCR",50,"modeled"
2017-06-19,22.5708333333333,138.214166666667,0.0403,"FCR",50,"modeled"
2017-06-20,22.2008333333333,245.977916666667,0.0444,"FCR",50,"modeled"
2017-06-21,23.63,297.135416666667,0.0373,"FCR",50,"modeled"
2017-06-22,23.8395833333333,212.8275,0.0238,"FCR",50,"modeled"
2017-06-23,24.7670833333333,171.48,0.0153,"FCR",50,"modeled"
2017-06-24,23.7645833333333,268.767916666667,0.0146,"FCR",50,"modeled"
2017-06-25,21.2,257.015833333333,0.007,"FCR",50,"modeled"
2017-06-26,20.47625,270.373333333333,0.007,"FCR",50,"modeled"
2017-06-27,20.2641666666667,238.800833333333,0.007,"FCR",50,"modeled"
2017-06-28,19.6575,322.537083333333,0.0069,"FCR",50,"modeled"
2017-06-29,22.5875,270.048333333333,0.0069,"FCR",50,"modeled"
2017-06-30,22.3691666666667,186.522083333333,0.0069,"FCR",50,"modeled"
2017-07-01,25.3441666666667,275.516666666667,0.0069,"FCR",50,"modeled"
2017-07-02,24.7045833333333,221.035,0.0068,"FCR",50,"modeled"
2017-07-03,23.8970833333333,305.757916666667,0.0068,"FCR",50,"modeled"
2017-07-04,23.34625,158.946666666667,0.0068,"FCR",50,"modeled"
2017-07-05,22.4795833333333,117.649166666667,0.0068,"FCR",50,"modeled"
2017-07-06,23.2125,205.128333333333,0.0067,"FCR",50,"modeled"
2017-07-07,25.1116666666667,273.480833333333,0.0067,"FCR",50,"modeled"
2017-07-08,24.7295833333333,228.499583333333,0.0067,"FCR",50,"modeled"
2017-07-09,23.4245833333333,319.020833333333,0.0067,"FCR",50,"modeled"
2017-07-10,24.125,325.162916666667,0.0066,"FCR",50,"modeled"
2017-07-11,24.7583333333333,277.575,0.0066,"FCR",50,"modeled"
2017-07-12,26.7766666666667,287.345833333333,0.0066,"FCR",50,"modeled"
2017-07-13,26.39875,210.620416666667,0.0066,"FCR",50,"modeled"
2017-07-14,27.9304166666667,272.546666666667,0.0065,"FCR",50,"modeled"
2017-07-15,25.86625,276.434583333333,0.0065,"FCR",50,"modeled"
2017-07-16,23.7520833333333,282.165833333333,0.0065,"FCR",50,"modeled"
2017-07-17,23.7108333333333,240.105416666667,0.0065,"FCR",50,"modeled"
2017-07-18,23.3325,239.707916666667,0.0064,"FCR",50,"modeled"
2017-07-19,25.1879166666667,310.877916666667,0.0064,"FCR",50,"modeled"
2017-07-20,26.2829166666667,284.552083333333,0.0064,"FCR",50,"modeled"
2017-07-21,26.39375,238.860833333333,0.0064,"FCR",50,"modeled"
2017-07-22,27.35875,277.501739130435,0.0063,"FCR",50,"modeled"
2017-07-23,27.4708333333333,256.336956521739,0.0063,"FCR",50,"modeled"
2017-07-24,25.6658333333333,283.723913043478,0.0063,"FCR",50,"modeled"
2017-07-25,24.9891666666667,330.130869565217,0.0063,"FCR",50,"modeled"
2017-07-26,23.3216666666667,212.091304347826,0.0062,"FCR",50,"modeled"
2017-07-27,23.0954166666667,153.361739130435,0.0062,"FCR",50,"modeled"
2017-07-28,22.7883333333333,94.4104347826087,0.0062,"FCR",50,"modeled"
2017-07-29,21.16,180.291304347826,0.0062,"FCR",50,"modeled"
2017-07-30,19.4333333333333,328.877826086957,0.0061,"FCR",50,"modeled"
2017-07-31,22.12375,299.330434782609,0.0061,"FCR",50,"modeled"
2017-08-01,23.9929166666667,197.73347826087,0.0061,"FCR",50,"modeled"
2017-08-02,23.1783333333333,212.669545454545,0.0061,"FCR",50,"modeled"
2017-08-03,24.3983333333333,267.269545454545,0.0061,"FCR",50,"modeled"
2017-08-04,24.5379166666667,258.174090909091,0.006,"FCR",50,"modeled"
2017-08-05,21.21875,342.889090909091,0.006,"FCR",50,"modeled"
2017-08-06,20.89375,263.13,0.006,"FCR",50,"modeled"
2017-08-07,22.2025,104.620454545455,0.006,"FCR",50,"modeled"
2017-08-08,21.9391666666667,226.671363636364,0.0059,"FCR",50,"modeled"
2017-08-09,21.6875,301.346818181818,0.0059,"FCR",50,"modeled"
2017-08-10,21.285,189.023636363636,0.0059,"FCR",50,"modeled"
2017-08-11,22.84625,138.509090909091,0.0059,"FCR",50,"modeled"
2017-08-12,24.3520833333333,205.386363636364,0.0058,"FCR",50,"modeled"
2017-08-13,24.80125,208.573181818182,0.0058,"FCR",50,"modeled"
2017-08-14,22.4691666666667,105.446818181818,0.0058,"FCR",50,"modeled"
2017-08-15,24.41375,189.299545454545,0.0058,"FCR",50,"modeled"
2017-08-16,24.9604166666667,244.826956521739,0.0057,"FCR",50,"modeled"
2017-08-17,25.0095833333333,224.539545454545,0.0057,"FCR",50,"modeled"
2017-08-18,26.2316666666667,253.905,0.0057,"FCR",50,"modeled"
2017-08-19,24.63875,276.443043478261,0.0057,"FCR",50,"modeled"
2017-08-20,24.1995833333333,273.296086956522,0.0056,"FCR",50,"modeled"
2017-08-21,25.1508333333333,192.19652173913,0.0056,"FCR",50,"modeled"
2017-08-22,26.5275,244.425217391304,0.0056,"FCR",50,"modeled"
2017-08-23,25.1991666666667,185.712916666667,0.0056,"FCR",50,"modeled"
2017-08-24,21.4266666666667,211.924347826087,0.0055,"FCR",50,"modeled"
2017-08-25,20.74,261.125652173913,0.0055,"FCR",50,"modeled"
2017-08-26,22.01125,196.304347826087,0.0055,"FCR",50,"modeled"
2017-08-27,21.4466666666667,176.634166666667,0.0055,"FCR",50,"modeled"
2017-08-28,19.90375,190.98347826087,0.0054,"FCR",50,"modeled"
2017-08-29,18.1495833333333,113.958333333333,0.0054,"FCR",50,"modeled"
2017-08-30,21.045,190.717391304348,0.0054,"FCR",50,"modeled"
2017-08-31,21.9391666666667,171.587391304348,0.0054,"FCR",50,"modeled"
2017-09-01,17.24625,48.0820833333333,0.0053,"FCR",50,"modeled"
2017-09-02,15.2241666666667,58.2230434782609,0.0053,"FCR",50,"modeled"
2017-09-03,19.35125,261.785416666667,0.0053,"FCR",50,"modeled"
2017-09-04,21.79375,223.084347826087,0.0053,"FCR",50,"modeled"
2017-09-05,22.25375,170.787391304348,0.0052,"FCR",50,"modeled"
2017-09-06,16.4329166666667,33.7033333333333,0.0052,"FCR",50,"modeled"
2017-09-07,15.8858333333333,216.98,0.0052,"FCR",50,"modeled"
2017-09-08,16.2875,234.51347826087,0.0052,"FCR",50,"modeled"
2017-09-09,16.7708333333333,216.089565217391,0.0051,"FCR",50,"modeled"
2017-09-10,15.1033333333333,216.782608695652,0.0051,"FCR",50,"modeled"
2017-09-11,16.2825,78.1860869565217,0.0051,"FCR",50,"modeled"
2017-09-12,17.7579166666667,62.3886956521739,0.0051,"FCR",50,"modeled"
2017-09-13,21.1475,238.409565217391,0.0051,"FCR",50,"modeled"
2017-09-14,19.8445833333333,145.086086956522,0.005,"FCR",50,"modeled"
2017-09-15,19.8595833333333,179.466956521739,0.005,"FCR",50,"modeled"
2017-09-16,20.7933333333333,144.690869565217,0.005,"FCR",50,"modeled"
2017-09-17,21.80375,163.83652173913,0.005,"FCR",50,"modeled"
2017-09-18,21.6166666666667,131.977826086957,0.0049,"FCR",50,"modeled"
2017-09-19,21.255,224.132608695652,0.0049,"FCR",50,"modeled"
2017-09-20,22.1745833333333,177.368260869565,0.0049,"FCR",50,"modeled"
2017-09-21,23.00625,170.139130434783,0.0049,"FCR",50,"modeled"
2017-09-22,22.1266666666667,179.076086956522,0.0048,"FCR",50,"modeled"
2017-09-23,22.7829166666667,222.345652173913,0.0048,"FCR",50,"modeled"
2017-09-24,22.67,206.198260869565,0.0048,"FCR",50,"modeled"
2017-09-25,22.10875,159.754782608696,0.0048,"FCR",50,"modeled"
2017-09-26,22.3833333333333,187.914583333333,0.0047,"FCR",50,"modeled"
2017-09-27,23.5395833333333,215.919583333333,0.0047,"FCR",50,"modeled"
2017-09-28,23.18125,216.901739130435,0.0047,"FCR",50,"modeled"
2017-09-29,18.5941666666667,224.002173913043,0.0047,"FCR",50,"modeled"
2017-09-30,16.3975,222.339166666667,0.0046,"FCR",50,"modeled"
2017-10-01,12.9566666666667,218.855,0.0046,"FCR",50,"modeled"
2017-10-02,14.0079166666667,217.072916666667,0.0046,"FCR",50,"modeled"
2017-10-03,15.0575,210.364583333333,0.0046,"FCR",50,"modeled"
2017-10-04,16.2229166666667,211.840833333333,0.0045,"FCR",50,"modeled"
2017-10-05,19.44375,207.184583333333,0.0045,"FCR",50,"modeled"
2017-10-06,20.6820833333333,206.785833333333,0.0045,"FCR",50,"modeled"
2017-10-07,19.7645833333333,123.184166666667,0.0045,"FCR",50,"modeled"
2017-10-08,21.8629166666667,62.09125,0.0044,"FCR",50,"modeled"
2017-10-09,23.8229166666667,138.489166666667,0.0044,"FCR",50,"modeled"
2017-10-10,23.44125,106.843043478261,0.0044,"FCR",50,"modeled"
2017-10-11,23.85875,151.486956521739,0.0044,"FCR",50,"modeled"
2017-10-12,18.9941666666667,50.6878260869565,0.0043,"FCR",50,"modeled"
2017-10-13,15.2229166666667,51.6252173913043,0.0043,"FCR",50,"modeled"
2017-10-14,18.1829166666667,185.253913043478,0.0043,"FCR",50,"modeled"
2017-10-15,19.8033333333333,178.904782608696,0.0043,"FCR",50,"modeled"
2017-10-16,13.7491666666667,159.161739130435,0.0042,"FCR",50,"modeled"
2017-10-17,9.38041666666667,191.116086956522,0.0042,"FCR",50,"modeled"
2017-10-18,10.7841666666667,195.005454545455,0.0042,"FCR",50,"modeled"
2017-10-19,13.8020833333333,194.160909090909,0.0042,"FCR",50,"modeled"
2017-10-20,16.23625,185.035454545455,0.0042,"FCR",50,"modeled"
2017-10-21,16.8654166666667,168.179090909091,0.0041,"FCR",50,"modeled"
2017-10-22,17.2229166666667,171.403181818182,0.0041,"FCR",50,"modeled"
2017-10-23,16.6733333333333,10.9695454545455,0.0041,"FCR",50,"modeled"
2017-10-24,15.0633333333333,159.413181818182,0.0041,"FCR",50,"modeled"
2017-10-25,10.9216666666667,138.597272727273,0.004,"FCR",50,"modeled"
2017-10-26,10.2608333333333,177.732608695652,0.004,"FCR",50,"modeled"
2017-10-27,12.6020833333333,181.339090909091,0.004,"FCR",50,"modeled"
2017-10-28,14.6941666666667,94.8231818181818,0.004,"FCR",50,"modeled"
2017-10-29,9.50583333333333,76.1813636363636,0.0039,"FCR",50,"modeled"
2017-10-30,9.61791666666667,182.970454545455,0.0039,"FCR",50,"modeled"
2017-10-31,11.1279166666667,175.899090909091,0.0039,"FCR",50,"modeled"
2017-11-01,12.2404166666667,79.8290909090909,0.0039,"FCR",50,"modeled"
2017-11-02,16.2983333333333,152.444782608696,0.0038,"FCR",50,"modeled"
2017-11-03,18.4925,135.282727272727,0.0038,"FCR",50,"modeled"
2017-11-04,13.28375,19.2313636363636,0.0038,"FCR",50,"modeled"
2017-11-05,13.005,33.3617391304348,0.0038,"FCR",50,"modeled"
2017-11-06,16.3929166666667,100.946818181818,0.0037,"FCR",50,"modeled"
2017-11-07,11.3966666666667,14.7508695652174,0.0037,"FCR",50,"modeled"
2017-11-08,6.18708333333333,29.1504545454545,0.0037,"FCR",50,"modeled"
2017-11-09,8.55291666666667,59.905652173913,0.0037,"FCR",50,"modeled"
2017-11-10,6.5425,154.749565217391,0.0036,"FCR",50,"modeled"
2017-11-11,-0.894583333333333,131.125217391304,0.0036,"FCR",50,"modeled"
2017-11-12,3.79166666666667,53.5604166666667,0.0036,"FCR",50,"modeled"
2017-11-13,8.41083333333333,112.176956521739,0.0036,"FCR",50,"modeled"
2017-11-14,6.72958333333333,59.1186956521739,0.0035,"FCR",50,"modeled"
2017-11-15,6.04,121.12652173913,0.0033,"FCR",50,"modeled"
2017-11-16,10.7704166666667,147.55,0.0034,"FCR",50,"modeled"
2017-11-17,6.44416666666667,128.618260869565,0.0029,"FCR",50,"modeled"
2017-11-18,11.4133333333333,75.2708695652174,0.0028,"FCR",50,"modeled"
2017-11-19,7.47166666666667,112.526956521739,0.0038,"FCR",50,"modeled"
2017-11-20,4.72583333333333,135.21125,0.0028,"FCR",50,"modeled"
2017-11-21,7.27791666666667,85.784347826087,0.0031,"FCR",50,"modeled"
2017-11-22,8.39708333333333,141.538260869565,0.0039,"FCR",50,"modeled"
2017-11-23,3.585,140.054782608696,0.0043,"FCR",50,"modeled"
2017-11-24,6.58791666666667,131.242083333333,0.0039,"FCR",50,"modeled"
2017-11-25,10.78125,79.675,0.0033,"FCR",50,"modeled"
2017-11-26,8.775,139.080869565217,0.0034,"FCR",50,"modeled"
2017-11-27,9.53458333333333,127.265833333333,0.0033,"FCR",50,"modeled"
2017-11-28,8.61,133.597391304348,0.0031,"FCR",50,"modeled"
2017-11-29,12.3595833333333,127.416086956522,0.003,"FCR",50,"modeled"
2017-11-30,11.0341666666667,109.210833333333,0.0024,"FCR",50,"modeled"
2017-12-01,9.27166666666667,130.49347826087,0.0027,"FCR",50,"modeled"
2017-12-02,6.85625,69.3260869565217,0.0019,"FCR",50,"modeled"
2017-12-03,9.17458333333333,120.681666666667,0.0018,"FCR",50,"modeled"
2017-12-04,8.12125,111.700416666667,0.0016,"FCR",50,"modeled"
2017-12-05,11.3358333333333,68.1616666666667,0.0013,"FCR",50,"modeled"
2017-12-06,7.21625,70.6179166666667,0.0015,"FCR",50,"modeled"
2017-12-07,5.69708333333333,101.775416666667,9e-04,"FCR",50,"modeled"
2017-12-08,1.38125,19.1654166666667,0.0012,"FCR",50,"modeled"
2017-12-09,-0.429166666666667,28.5533333333333,0.0012,"FCR",50,"modeled"
2017-12-10,0.386666666666667,94.2716666666667,5e-04,"FCR",50,"modeled"
2017-12-11,4.80208333333333,121.247391304348,7e-04,"FCR",50,"modeled"
2017-12-12,2.42625,43.7552173913043,9e-04,"FCR",50,"modeled"
2017-12-13,-1.6825,121.850434782609,0.0022,"FCR",50,"modeled"
2017-12-14,3.63958333333333,120.157142857143,0.001,"FCR",50,"modeled"
2017-12-15,-0.38875,30.9213636363636,0.001,"FCR",50,"modeled"
2017-12-16,3.42958333333333,117.641304347826,8e-04,"FCR",50,"modeled"
2017-12-17,5.46208333333333,25.9172727272727,7e-04,"FCR",50,"modeled"
2017-12-18,10.4408333333333,93.9513636363636,0.0014,"FCR",50,"modeled"
2017-12-19,12.7341666666667,108.863636363636,0.0018,"FCR",50,"modeled"
2017-12-20,10.4016666666667,27.3927272727273,0.0013,"FCR",50,"modeled"
2017-12-21,5.16166666666667,117.856086956522,0.0012,"FCR",50,"modeled"
2017-12-22,8.68916666666667,64.9618181818182,0.001,"FCR",50,"modeled"
2017-12-23,12.46375,16.7490909090909,0.0017,"FCR",50,"modeled"
2017-12-24,5.54541666666667,29.5645454545455,0.0013,"FCR",50,"modeled"
2017-12-25,-1.32083333333333,110.581818181818,0.001,"FCR",50,"modeled"
2017-12-26,-1.64416666666667,95.2586363636364,9e-04,"FCR",50,"modeled"
2017-12-27,-2.27708333333333,99.1172727272727,9e-04,"FCR",50,"modeled"
2017-12-28,-8.03333333333333,111.465454545455,0.0012,"FCR",50,"modeled"
2017-12-29,-3.27833333333333,130.250909090909,0.001,"FCR",50,"modeled"
2017-12-30,-1.51375,37.7822727272727,8e-04,"FCR",50,"modeled"
2017-12-31,-8.27708333333333,56.2372727272727,0.0025,"FCR",50,"modeled"
2018-01-01,-10.1029166666667,135.794545454545,0.0086,"FCR",50,"modeled"
2018-01-02,-9.56875,129.94347826087,0.0112,"FCR",50,"modeled"
2018-01-03,-6.59583333333333,64.2754545454546,0.0137,"FCR",50,"modeled"
2018-01-04,-7.565,118.396818181818,0.0163,"FCR",50,"modeled"
2018-01-05,-10.1954166666667,134.730454545455,0.0189,"FCR",50,"modeled"
2018-01-06,-11.3929166666667,144.620909090909,0.0092,"FCR",50,"modeled"
2018-01-07,-9.38416666666667,124.146363636364,0.0099,"FCR",50,"modeled"
2018-01-08,-1.96833333333333,38.7859090909091,0.0031,"FCR",50,"modeled"
2018-01-09,5.695,118.103636363636,0.0019,"FCR",50,"modeled"
2018-01-10,4.74875,42.77,3e-04,"FCR",50,"modeled"
2018-01-11,8.13041666666667,21.7136363636364,5e-04,"FCR",50,"modeled"
2018-01-12,15.3129166666667,21.0186363636364,0.0036,"FCR",50,"modeled"
2018-01-13,-1.52125,143.409545454545,0.0059,"FCR",50,"modeled"
2018-01-14,-6.97416666666667,143.204545454545,0.0026,"FCR",50,"modeled"
2018-01-15,-6.14958333333333,139.262272727273,0.0046,"FCR",50,"modeled"
2018-01-16,-0.7375,115.631818181818,0.0041,"FCR",50,"modeled"
2018-01-17,-5.60541666666667,42.7286363636364,0.0036,"FCR",50,"modeled"
2018-01-18,-2.88,151.580454545455,0.0031,"FCR",50,"modeled"
2018-01-19,3.96958333333333,152.361818181818,0.003,"FCR",50,"modeled"
2018-01-20,8.25541666666667,143.949545454545,0.0028,"FCR",50,"modeled"
2018-01-21,9.22333333333333,87.915,0.0027,"FCR",50,"modeled"
2018-01-22,10.29625,83.3231818181818,0.0026,"FCR",50,"modeled"
2018-01-23,11.0625,150.523636363636,0.0025,"FCR",50,"modeled"
2018-01-24,3.27833333333333,98.4590909090909,0.0023,"FCR",50,"modeled"
2018-01-25,0.83125,153.401304347826,0.0022,"FCR",50,"modeled"
2018-01-26,4.76291666666667,133.27,0.0021,"FCR",50,"modeled"
2018-01-27,7.15375,59.8430434782609,0.0019,"FCR",50,"modeled"
2018-01-28,10.68625,25.3178260869565,0.0018,"FCR",50,"modeled"
2018-01-29,5.00583333333333,36.1747826086957,0.0017,"FCR",50,"modeled"
2018-01-30,-2.33166666666667,149.345652173913,0.0018,"FCR",50,"modeled"
2018-01-31,-0.6575,146.065416666667,0.002,"FCR",50,"modeled"
2018-02-01,6.37791666666667,44.1795833333333,0.0021,"FCR",50,"modeled"
2018-02-02,-2.93083333333333,167.80875,0.0023,"FCR",50,"modeled"
2018-02-03,-2.46833333333333,156.079166666667,0.0024,"FCR",50,"modeled"
2018-02-04,2.97125,20.1966666666667,0.0026,"FCR",50,"modeled"
2018-02-05,2.08458333333333,167.185833333333,0.0027,"FCR",50,"modeled"
2018-02-06,3.285,91.0045833333333,8e-04,"FCR",50,"modeled"
2018-02-07,2.63041666666667,15.2108333333333,0.0065,"FCR",50,"modeled"
2018-02-08,1.07666666666667,172.64625,0.0064,"FCR",50,"modeled"
2018-02-09,3.77125,144.189166666667,0.0016,"FCR",50,"modeled"
2018-02-10,6.25916666666667,23.6583333333333,0.0011,"FCR",50,"modeled"
2018-02-11,13.54125,19.2320833333333,0.0246,"FCR",50,"modeled"
2018-02-12,9.6325,57.8733333333333,0.0096,"FCR",50,"modeled"
2018-02-13,1.85458333333333,63.83875,0.0077,"FCR",50,"modeled"
2018-02-14,7.52416666666667,58.7791666666667,0.0057,"FCR",50,"modeled"
2018-02-15,16.3745833333333,92.3225,9e-04,"FCR",50,"modeled"
2018-02-16,14.555,22.895,5e-04,"FCR",50,"modeled"
2018-02-17,2.10541666666667,28.564347826087,5e-04,"FCR",50,"modeled"
2018-02-18,7.40375,181.03,5e-04,"FCR",50,"modeled"
2018-02-19,7.18208333333333,57.5783333333333,6e-04,"FCR",50,"modeled"
2018-02-20,13.7995833333333,184.832608695652,6e-04,"FCR",50,"modeled"
2018-02-21,16.7966666666667,113.273043478261,6e-04,"FCR",50,"modeled"
2018-02-22,19.0525,168.888260869565,7e-04,"FCR",50,"modeled"
2018-02-23,8.83875,65.5047826086956,0.0011,"FCR",50,"modeled"
2018-02-24,16.2641666666667,87.7047826086957,0.0017,"FCR",50,"modeled"
2018-02-25,16.2908333333333,24.3352173913043,0.0026,"FCR",50,"modeled"
2018-02-26,10.2329166666667,44.8652173913043,0.0029,"FCR",50,"modeled"
2018-02-27,7.96083333333333,207.312608695652,0.003,"FCR",50,"modeled"
2018-02-28,9.50458333333333,65.8826086956522,0.0028,"FCR",50,"modeled"
2018-03-01,11.0116666666667,30.8130434782609,0.0048,"FCR",50,"modeled"
2018-03-02,6.13333333333333,222.132272727273,0.0071,"FCR",50,"modeled"
2018-03-03,5.51041666666667,243.576818181818,0.0059,"FCR",50,"modeled"
2018-03-04,7.11666666666667,242.541363636364,0.0049,"FCR",50,"modeled"
2018-03-05,7.33083333333333,206.019545454545,0.0042,"FCR",50,"modeled"
2018-03-06,4.875,34.0804347826087,0.0042,"FCR",50,"modeled"
2018-03-07,4.54708333333333,145.236956521739,0.0044,"FCR",50,"modeled"
2018-03-08,1.50833333333333,159.931363636364,0.0042,"FCR",50,"modeled"
2018-03-09,1.93833333333333,244.040909090909,0.0043,"FCR",50,"modeled"
2018-03-10,4.39625,48.7181818181818,0.0037,"FCR",50,"modeled"
2018-03-11,4.67375,129.662727272727,0.0036,"FCR",50,"modeled"
2018-03-12,1.36541666666667,13.1439130434783,0.005,"FCR",50,"modeled"
2018-03-13,1.44666666666667,220.260454545455,0.007,"FCR",50,"modeled"
2018-03-14,-0.931666666666667,178.848636363636,0.009,"FCR",50,"modeled"
2018-03-15,7.96458333333333,255.916818181818,0.0089,"FCR",50,"modeled"
2018-03-16,8.00125,270.229545454545,0.0095,"FCR",50,"modeled"
2018-03-17,9.71,160.451818181818,0.0078,"FCR",50,"modeled"
2018-03-18,10.12625,259.649545454545,0.0157,"FCR",50,"modeled"
2018-03-19,9.87541666666667,194.155,0.0126,"FCR",50,"modeled"
2018-03-20,8.605,167.351304347826,0.0225,"FCR",50,"modeled"
2018-03-21,9.95041666666667,166.203913043478,0.0273,"FCR",50,"modeled"
2018-03-22,10.0525,212.151739130435,0.0261,"FCR",50,"modeled"
2018-03-23,9.58333333333333,156.879130434783,0.0244,"FCR",50,"modeled"
2018-03-24,11.4829166666667,151.69652173913,0.0242,"FCR",50,"modeled"
2018-03-25,12.1275,135.296086956522,0.0264,"FCR",50,"modeled"
2018-03-26,10.87375,202.581739130435,0.0248,"FCR",50,"modeled"
2018-03-27,7.82458333333333,194.365416666667,0.0255,"FCR",50,"modeled"
2018-03-28,10.9925,165.092916666667,0.0263,"FCR",50,"modeled"
2018-03-29,11.8745833333333,228.98625,0.0251,"FCR",50,"modeled"
2018-03-30,13.9925,232.819583333333,0.0263,"FCR",50,"modeled"
2018-03-31,14.3333333333333,170.736666666667,0.0241,"FCR",50,"modeled"
2018-04-01,7.465,150.2225,0.0223,"FCR",50,"modeled"
2018-04-02,7.71458333333333,201.422916666667,0.0214,"FCR",50,"modeled"
2018-04-03,10.4204166666667,263.88,0.021,"FCR",50,"modeled"
2018-04-04,11.7441666666667,251.920833333333,0.0206,"FCR",50,"modeled"
2018-04-05,11.5095833333333,228.447083333333,0.0199,"FCR",50,"modeled"
2018-04-06,13.4679166666667,218.297083333333,0.0184,"FCR",50,"modeled"
2018-04-07,9.585,39.1345833333333,0.018,"FCR",50,"modeled"
2018-04-08,7.3975,280.334583333333,0.0176,"FCR",50,"modeled"
2018-04-09,5.05,52.72625,0.016,"FCR",50,"modeled"
2018-04-10,8.64333333333333,292.333913043478,0.0154,"FCR",50,"modeled"
2018-04-11,10.7254166666667,267.647826086957,0.0142,"FCR",50,"modeled"
2018-04-12,16.30875,278.516956521739,0.0135,"FCR",50,"modeled"
2018-04-13,18.4654166666667,277.87375,0.0126,"FCR",50,"modeled"
2018-04-14,18.8945833333333,273.642608695652,0.0119,"FCR",50,"modeled"
2018-04-15,18.29125,74.3152173913043,0.0146,"FCR",50,"modeled"
2018-04-16,9.73958333333333,160.974347826087,0.0452,"FCR",50,"modeled"
2018-04-17,7.9075,280.905217391304,0.0369,"FCR",50,"modeled"
2018-04-18,15.66375,285.104583333333,0.0305,"FCR",50,"modeled"
2018-04-19,11.3008333333333,84.9895833333333,0.0298,"FCR",50,"modeled"
2018-04-20,10.7179166666667,326.150434782609,0.0256,"FCR",50,"modeled"
2018-04-21,12.1670833333333,315.027391304348,0.0224,"FCR",50,"modeled"
2018-04-22,14.6304166666667,186.193043478261,0.021,"FCR",50,"modeled"
2018-04-23,13.6070833333333,95.3795652173913,0.0199,"FCR",50,"modeled"
2018-04-24,12.8220833333333,44.384347826087,0.0398,"FCR",50,"modeled"
2018-04-25,14.47375,150.810434782609,0.0802,"FCR",50,"modeled"
2018-04-26,15.88875,269.148695652174,0.0849,"FCR",50,"modeled"
2018-04-27,15.0833333333333,201.26,0.0813,"FCR",50,"modeled"
2018-04-28,17.6229166666667,305.259545454545,0.0773,"FCR",50,"modeled"
2018-04-29,11.6079166666667,346.71,0.0728,"FCR",50,"modeled"
2018-04-30,15.06,344.745454545455,0.0653,"FCR",50,"modeled"
2018-05-01,18.9479166666667,313.041666666667,0.0581,"FCR",50,"modeled"
2018-05-02,22.26875,312.643913043478,0.0511,"FCR",50,"modeled"
2018-05-03,23.43875,295.225217391304,0.0465,"FCR",50,"modeled"
2018-05-04,24.2795833333333,298.91,0.0423,"FCR",50,"modeled"
2018-05-05,20.83625,127.856086956522,0.0364,"FCR",50,"modeled"
2018-05-06,18.1125,247.241304347826,0.0333,"FCR",50,"modeled"
2018-05-07,16.9945833333333,221.131739130435,0.0299,"FCR",50,"modeled"
2018-05-08,17.5558333333333,205.858695652174,0.0317,"FCR",50,"modeled"
2018-05-09,18.9933333333333,300.977826086956,0.0284,"FCR",50,"modeled"
2018-05-10,21.3508333333333,220.250869565217,0.0261,"FCR",50,"modeled"
2018-05-11,22.95,285.755217391304,0.0251,"FCR",50,"modeled"
2018-05-12,25.8725,301.221739130435,0.024,"FCR",50,"modeled"
2018-05-13,26.27625,309.960434782609,0.0221,"FCR",50,"modeled"
2018-05-14,26.595,283.18652173913,0.0205,"FCR",50,"modeled"
2018-05-15,22.1595833333333,175.91652173913,0.0201,"FCR",50,"modeled"
2018-05-16,20.26,109.174347826087,0.0323,"FCR",50,"modeled"
2018-05-17,20.97625,127.734347826087,0.0725,"FCR",50,"modeled"
2018-05-18,19.2854166666667,62.0139130434783,0.1494,"FCR",50,"modeled"
2018-05-19,19.09875,138.382173913043,0.1378,"FCR",50,"modeled"
2018-05-20,23.7608333333333,293.548695652174,0.1031,"FCR",50,"modeled"
2018-05-21,22.1729166666667,219.221739130435,0.0918,"FCR",50,"modeled"
2018-05-22,21.8091666666667,240.655652173913,0.0915,"FCR",50,"modeled"
2018-05-23,23.6979166666667,301.346956521739,0.094,"FCR",50,"modeled"
2018-05-24,22.67125,315.181304347826,0.0887,"FCR",50,"modeled"
2018-05-25,23.7608333333333,261.865652173913,0.0861,"FCR",50,"modeled"
2018-05-26,21.995,131.719565217391,0.0865,"FCR",50,"modeled"
2018-05-27,23.5479166666667,202.449130434783,0.0884,"FCR",50,"modeled"
2018-05-28,22.0570833333333,120.792173913043,0.0985,"FCR",50,"modeled"
2018-05-29,22.1679166666667,101.743913043478,0.0913,"FCR",50,"modeled"
2018-05-30,22.4545833333333,132.777826086957,0.0895,"FCR",50,"modeled"
2018-05-31,23.06125,207.283913043478,0.0886,"FCR",50,"modeled"
2018-06-01,24.0595833333333,279.587391304348,0.0927,"FCR",50,"modeled"
2018-06-02,21.6020833333333,121.318260869565,0.0888,"FCR",50,"modeled"
2018-06-03,23.0616666666667,282.562608695652,0.0872,"FCR",50,"modeled"
2018-06-04,21.7975,335.74,0.0844,"FCR",50,"modeled"
2018-06-05,22.1133333333333,325.305,0.0836,"FCR",50,"modeled"
2018-06-06,21.6525,302.2975,0.0833,"FCR",50,"modeled"
2018-06-07,21.8808333333333,314.62875,0.0824,"FCR",50,"modeled"
2018-06-08,24.4095833333333,302.187083333333,0.0825,"FCR",50,"modeled"
2018-06-09,24.7354166666667,284.062916666667,0.0824,"FCR",50,"modeled"
2018-06-10,22.9529166666667,225.764166666667,0.073,"FCR",50,"modeled"
2018-06-11,20.1529166666667,95.2604166666667,0.0128,"FCR",50,"modeled"
2018-06-12,18.3079166666667,75.1933333333333,0.008,"FCR",50,"modeled"
2018-06-13,22.5308333333333,199.109166666667,0.0068,"FCR",50,"modeled"
2018-06-14,25.0433333333333,274.41125,0.0075,"FCR",50,"modeled"
2018-06-15,23.5325,320.865416666667,0.0112,"FCR",50,"modeled"
2018-06-16,24.1804166666667,309.944583333333,0.0153,"FCR",50,"modeled"
2018-06-17,25.885,294.894166666667,0.0156,"FCR",50,"modeled"
2018-06-18,26.4270833333333,293.334166666667,0.0604,"FCR",50,"modeled"
2018-06-19,28.9175,303.439583333333,0.0815,"FCR",50,"modeled"
2018-06-20,27.4391666666667,231.733333333333,0.0789,"FCR",50,"modeled"
2018-06-21,25.7291666666667,181.21125,0.0722,"FCR",50,"modeled"
2018-06-22,24.0433333333333,218.505,0.0771,"FCR",50,"modeled"
2018-06-23,23.3179166666667,209.265833333333,0.0633,"FCR",50,"modeled"
2018-06-24,26.4166666666667,271.685833333333,0.0475,"FCR",50,"modeled"
2018-06-25,23.0166666666667,97.0983333333333,0.0419,"FCR",50,"modeled"
2018-06-26,20.1766666666667,43.5616666666667,0.0409,"FCR",50,"modeled"
2018-06-27,21.6375,159.315416666667,0.0362,"FCR",50,"modeled"
2018-06-28,25.2154166666667,242.139583333333,0.0292,"FCR",50,"modeled"
2018-06-29,25.2720833333333,269.435833333333,0.0236,"FCR",50,"modeled"
2018-06-30,24.8845833333333,308.746666666667,0.0197,"FCR",50,"modeled"
2018-07-01,26.4445833333333,286.694583333333,0.0161,"FCR",50,"modeled"
2018-07-02,26.79625,181.38375,0.0123,"FCR",50,"modeled"
2018-07-03,27.5270833333333,275.063333333333,0.0094,"FCR",50,"modeled"
2018-07-04,27.7133333333333,262.214583333333,0.0066,"FCR",50,"modeled"
2018-07-05,27.1925,260.06625,0.0038,"FCR",50,"modeled"
2018-07-06,24.9466666666667,205.8775,0.0018,"FCR",50,"modeled"
2018-07-07,22.2966666666667,281.860416666667,0.0018,"FCR",50,"modeled"
2018-07-08,21.20875,339.3275,5e-04,"FCR",50,"modeled"
2018-07-09,22.7279166666667,330.377083333333,4e-04,"FCR",50,"modeled"
2018-07-10,26.1858333333333,313.063333333333,4e-04,"FCR",50,"modeled"
2018-07-11,26.82375,265.065416666667,5e-04,"FCR",50,"modeled"
2018-07-12,26.02375,298.349583333333,3e-04,"FCR",50,"modeled"
2018-07-13,24.8729166666667,275.094166666667,7e-04,"FCR",50,"modeled"
2018-07-14,25.0941666666667,253.994166666667,0.0011,"FCR",50,"modeled"
2018-07-15,25.855,219.83375,0.0015,"FCR",50,"modeled"
2018-07-16,26.5916666666667,209.991666666667,0.0019,"FCR",50,"modeled"
2018-07-17,26.2641666666667,207.195833333333,0.0023,"FCR",50,"modeled"
2018-07-18,23.8158333333333,325.6025,0.0027,"FCR",50,"modeled"
2018-07-19,24.3870833333333,264.8475,0.0031,"FCR",50,"modeled"
2018-07-20,24.3066666666667,208.54625,0.0035,"FCR",50,"modeled"
2018-07-21,22.6383333333333,147.435416666667,0.0039,"FCR",50,"modeled"
2018-07-22,21.5491666666667,136.787826086957,0.0043,"FCR",50,"modeled"
2018-07-23,22.7620833333333,120.041304347826,0.0047,"FCR",50,"modeled"
2018-07-24,21.95375,114.083913043478,0.0051,"FCR",50,"modeled"
2018-07-25,21.7275,139.804782608696,0.0062,"FCR",50,"modeled"
2018-07-26,24.3670833333333,290.557391304348,0.0028,"FCR",50,"modeled"
2018-07-27,25.2520833333333,245.70652173913,0.0013,"FCR",50,"modeled"
2018-07-28,23.7329166666667,269.453043478261,8e-04,"FCR",50,"modeled"
2018-07-29,24.7458333333333,251.49347826087,0.001,"FCR",50,"modeled"
2018-07-30,23.5270833333333,170.105652173913,0.0011,"FCR",50,"modeled"
2018-07-31,21.86,110.286086956522,0.0013,"FCR",50,"modeled"
2018-08-01,23.2,176.726086956522,0.0014,"FCR",50,"modeled"
2018-08-02,22.1595833333333,127.038636363636,0.0077,"FCR",50,"modeled"
2018-08-03,20.6904166666667,84.1995454545455,0.0068,"FCR",50,"modeled"
2018-08-04,24.7475,309.172727272727,0.0039,"FCR",50,"modeled"
2018-08-05,25.5004166666667,296.081363636364,0.0013,"FCR",50,"modeled"
2018-08-06,25.4829166666667,273.752272727273,7e-04,"FCR",50,"modeled"
2018-08-07,26.5145833333333,255.761363636364,6e-04,"FCR",50,"modeled"
2018-08-08,26.8108333333333,242.869090909091,5e-04,"FCR",50,"modeled"
2018-08-09,25.6554166666667,311.253181818182,4e-04,"FCR",50,"modeled"
2018-08-10,25.7170833333333,290.430909090909,4e-04,"FCR",50,"modeled"
2018-08-11,24.52125,221.514545454545,4e-04,"FCR",50,"modeled"
2018-08-12,22.5870833333333,145.644545454545,4e-04,"FCR",50,"modeled"
2018-08-13,22.4225,228.707272727273,3e-04,"FCR",50,"modeled"
2018-08-14,23.6145833333333,266.246818181818,3e-04,"FCR",50,"modeled"
2018-08-15,24.445,260.706363636364,4e-04,"FCR",50,"modeled"
2018-08-16,26.0129166666667,254.297826086957,5e-04,"FCR",50,"modeled"
2018-08-17,26.7175,262.866363636364,6e-04,"FCR",50,"modeled"
2018-08-18,23.5741666666667,98.4777272727273,6e-04,"FCR",50,"modeled"
2018-08-19,24.985,177.439130434783,7e-04,"FCR",50,"modeled"
2018-08-20,22.1791666666667,89.1060869565217,3e-04,"FCR",50,"modeled"
2018-08-21,23.6316666666667,96.0813043478261,0.0014,"FCR",50,"modeled"
2018-08-22,24.1025,231.839130434783,0.0032,"FCR",50,"modeled"
2018-08-23,19.8808333333333,273.794583333333,0.0039,"FCR",50,"modeled"
2018-08-24,19.7733333333333,274.584347826087,0.0046,"FCR",50,"modeled"
2018-08-25,20.7925,245.794782608696,0.0053,"FCR",50,"modeled"
2018-08-26,23.08125,186.841739130435,0.0061,"FCR",50,"modeled"
2018-08-27,26.4254166666667,205.737916666667,0.0068,"FCR",50,"modeled"
2018-08-28,25.9908333333333,230.427826086957,0.0075,"FCR",50,"modeled"
2018-08-29,26.1925,233.42,0.0082,"FCR",50,"modeled"
2018-08-30,26.0858333333333,191.945217391304,0.009,"FCR",50,"modeled"
2018-08-31,24.0741666666667,202.625217391304,0.0097,"FCR",50,"modeled"
2018-09-01,23.5879166666667,166.06125,0.0104,"FCR",50,"modeled"
2018-09-02,25.1158333333333,234.56347826087,0.0111,"FCR",50,"modeled"
2018-09-03,25.0904166666667,255.649166666667,0.0119,"FCR",50,"modeled"
2018-09-04,24.5791666666667,203.340869565217,0.0126,"FCR",50,"modeled"
2018-09-05,24.5229166666667,249.838695652174,0.0133,"FCR",50,"modeled"
2018-09-06,23.9183333333333,221.60875,0.014,"FCR",50,"modeled"
2018-09-07,23.87375,208.715,0.0148,"FCR",50,"modeled"
2018-09-08,22.1833333333333,154.23,0.0155,"FCR",50,"modeled"
2018-09-09,16.0108333333333,52.7178260869565,0.0162,"FCR",50,"modeled"
2018-09-10,17.515,65.2382608695652,0.0051,"FCR",50,"modeled"
2018-09-11,21.1066666666667,102.340434782609,0.0011,"FCR",50,"modeled"
2018-09-12,22.02,114.079565217391,0.0017,"FCR",50,"modeled"
2018-09-13,23.2025,187.088260869565,7e-04,"FCR",50,"modeled"
2018-09-14,22.6345833333333,86.9839130434783,3e-04,"FCR",50,"modeled"
2018-09-15,22.0766666666667,92.6417391304348,4e-04,"FCR",50,"modeled"
2018-09-16,20.9804166666667,42.2078260869565,0.023,"FCR",50,"modeled"
2018-09-17,22.8416666666667,114.970869565217,0.0456,"FCR",50,"modeled"
2018-09-18,22.6925,138.101304347826,0.0101,"FCR",50,"modeled"
2018-09-19,22.8266666666667,237.02652173913,0.0028,"FCR",50,"modeled"
2018-09-20,23.69,193.251739130435,9e-04,"FCR",50,"modeled"
2018-09-21,24.12875,191.763913043478,5e-04,"FCR",50,"modeled"
2018-09-22,23.21125,140.127391304348,0.005,"FCR",50,"modeled"
2018-09-23,17.4504166666667,48.3730434782609,0.0596,"FCR",50,"modeled"
2018-09-24,17.0625,37.1704347826087,0.0147,"FCR",50,"modeled"
2018-09-25,20.6866666666667,87.3613043478261,0.0064,"FCR",50,"modeled"
2018-09-26,22.2041666666667,146.327083333333,0.0043,"FCR",50,"modeled"
2018-09-27,17.7720833333333,39.9270833333333,0.0071,"FCR",50,"modeled"
2018-09-28,18.98375,215.236086956522,0.0149,"FCR",50,"modeled"
2018-09-29,18.5104166666667,190.877391304348,0.0123,"FCR",50,"modeled"
2018-09-30,18.7291666666667,79.6220833333333,0.0085,"FCR",50,"modeled"
2018-10-01,21.0845833333333,188.4225,0.0073,"FCR",50,"modeled"
2018-10-02,21.3991666666667,138.976666666667,0.0062,"FCR",50,"modeled"
2018-10-03,22.4429166666667,163.631666666667,0.0054,"FCR",50,"modeled"
2018-10-04,23.3870833333333,206.093333333333,0.0043,"FCR",50,"modeled"
2018-10-05,23.15125,108.685833333333,0.0028,"FCR",50,"modeled"
2018-10-06,21.0729166666667,62.9641666666667,0.002,"FCR",50,"modeled"
2018-10-07,22.9583333333333,151.1675,0.0018,"FCR",50,"modeled"
2018-10-08,22.7904166666667,146.693333333333,0.0013,"FCR",50,"modeled"
2018-10-09,20.9858333333333,87.8783333333333,0.001,"FCR",50,"modeled"
2018-10-10,20.7683333333333,23.5786956521739,0.0031,"FCR",50,"modeled"
2018-10-11,20.0375,11.7739130434783,0.0857,"FCR",50,"modeled"
2018-10-12,12.6129166666667,209.168260869565,0.1088,"FCR",50,"modeled"
2018-10-13,10.6625,193.682173913043,0.0773,"FCR",50,"modeled"
2018-10-14,9.75375,51.7578260869565,0.0718,"FCR",50,"modeled"
2018-10-15,17.7475,113.996086956522,0.0746,"FCR",50,"modeled"
2018-10-16,16.7066666666667,95.1691304347826,0.0798,"FCR",50,"modeled"
2018-10-17,16.6066666666667,194.031739130435,0.0731,"FCR",50,"modeled"
2018-10-18,10.4641666666667,202.111818181818,0.0614,"FCR",50,"modeled"
2018-10-19,11.7575,193.091363636364,0.0488,"FCR",50,"modeled"
2018-10-20,15.26625,89.5209090909091,0.0411,"FCR",50,"modeled"
2018-10-21,7.25458333333333,198.494545454545,0.0349,"FCR",50,"modeled"
2018-10-22,7.89833333333333,179.149545454545,0.0272,"FCR",50,"modeled"
2018-10-23,13.5208333333333,186.275,0.0253,"FCR",50,"modeled"
2018-10-24,9.14791666666667,188.524545454545,0.0217,"FCR",50,"modeled"
2018-10-25,6.64875,131.082727272727,0.0197,"FCR",50,"modeled"
2018-10-26,6.51666666666667,19.3413043478261,0.0218,"FCR",50,"modeled"
2018-10-27,10.0054166666667,80.0377272727273,0.0299,"FCR",50,"modeled"
2018-10-28,11.0191666666667,108.592727272727,0.0238,"FCR",50,"modeled"
2018-10-29,11.1233333333333,152.502272727273,0.0211,"FCR",50,"modeled"
2018-10-30,11.3841666666667,176.874090909091,0.0189,"FCR",50,"modeled"
2018-10-31,16.6054166666667,157.341818181818,0.0172,"FCR",50,"modeled"
2018-11-01,16.805,86.9177272727273,0.0146,"FCR",50,"modeled"
2018-11-02,16.0020833333333,34.0978260869565,0.0165,"FCR",50,"modeled"
2018-11-03,8.905,166.285909090909,0.0187,"FCR",50,"modeled"
2018-11-04,9.17666666666667,170.409545454545,0.0151,"FCR",50,"modeled"
2018-11-05,13.1670833333333,59.7739130434783,0.0143,"FCR",50,"modeled"
2018-11-06,14.4829166666667,32.41,0.0149,"FCR",50,"modeled"
2018-11-07,15.23375,145.574347826087,0.0149,"FCR",50,"modeled"
2018-11-08,14.7795833333333,106.003181818182,0.0126,"FCR",50,"modeled"
2018-11-09,9.03041666666667,22.6378260869565,0.0115,"FCR",50,"modeled"
2018-11-10,3.6175,165.46652173913,0.0117,"FCR",50,"modeled"
2018-11-11,1.415,157.313043478261,0.0096,"FCR",50,"modeled"
2018-11-12,2.815,26.7183333333333,0.0094,"FCR",50,"modeled"
2018-11-13,8.46583333333333,30.3065217391304,0.0338,"FCR",50,"modeled"
2018-11-14,5.06916666666667,49.9786956521739,0.028,"FCR",50,"modeled"
2018-11-15,2.12125,19.0152173913043,0.0483,"FCR",50,"modeled"
2018-11-16,5.46875,155.417826086957,0.0844,"FCR",50,"modeled"
2018-11-17,7.15125,143.435217391304,0.0731,"FCR",50,"modeled"
2018-11-18,7.38708333333333,124.123913043478,0.0676,"FCR",50,"modeled"
2018-11-19,11.6716666666667,116.063913043478,0.0658,"FCR",50,"modeled"
2018-11-20,9.09458333333333,121.90875,0.0621,"FCR",50,"modeled"
2018-11-21,7.12458333333333,139.694347826087,0.0524,"FCR",50,"modeled"
2018-11-22,6.2975,105.605217391304,0.0469,"FCR",50,"modeled"
2018-11-23,-1.07833333333333,58.2786956521739,0.0399,"FCR",50,"modeled"
2018-11-24,2.69625,37.7004166666667,0.0481,"FCR",50,"modeled"
2018-11-25,11.0616666666667,115.39625,0.0588,"FCR",50,"modeled"
2018-11-26,9.41666666666667,68.5569565217391,0.0536,"FCR",50,"modeled"
2018-11-27,1.93625,52.4541666666667,0.0491,"FCR",50,"modeled"
2018-11-28,-1.82083333333333,138.507391304348,0.0456,"FCR",50,"modeled"
2018-11-29,4.09583333333333,123.3,0.0427,"FCR",50,"modeled"
2018-11-30,10.9970833333333,47.7320833333333,0.0388,"FCR",50,"modeled"
2018-12-01,7.06833333333333,12.5682608695652,0.038,"FCR",50,"modeled"
2018-12-02,10.6866666666667,54.6234782608696,0.0352,"FCR",50,"modeled"
2018-12-03,10.7704166666667,110.990833333333,0.0349,"FCR",50,"modeled"
2018-12-04,4.66333333333333,34.2470833333333,0.0314,"FCR",50,"modeled"
2018-12-05,2.16541666666667,53.8920833333333,0.0293,"FCR",50,"modeled"
2018-12-06,2.12708333333333,108.823333333333,0.0271,"FCR",50,"modeled"
2018-12-07,3.10125,74.0533333333333,0.025,"FCR",50,"modeled"
2018-12-08,1.28833333333333,67.1558333333333,0.0235,"FCR",50,"modeled"
2018-12-09,-2.11208333333333,6.37,0.0261,"FCR",50,"modeled"
2018-12-10,1.42916666666667,119.12125,0.0299,"FCR",50,"modeled"
2018-12-11,1.42625,127.83652173913,0.0285,"FCR",50,"modeled"
2018-12-12,2.41625,64.3782608695652,0.026,"FCR",50,"modeled"
2018-12-13,3.83375,46.5873913043478,0.0252,"FCR",50,"modeled"
2018-12-14,3.37041666666667,21.7771428571429,0.0273,"FCR",50,"modeled"
2018-12-15,6.17,23.1340909090909,0.068,"FCR",50,"modeled"
2018-12-16,9.04458333333333,42.7621739130435,0.0879,"FCR",50,"modeled"
2018-12-17,9.18833333333333,127.370909090909,0.0875,"FCR",50,"modeled"
2018-12-18,5.14083333333333,127.115454545455,0.089,"FCR",50,"modeled"
2018-12-19,4.94958333333333,107.055454545455,0.0847,"FCR",50,"modeled"
2018-12-20,9.2075,14.5072727272727,0.0861,"FCR",50,"modeled"
2018-12-21,13.5204166666667,19.0504347826087,0.1171,"FCR",50,"modeled"
2018-12-22,8.15875,52.5181818181818,0.1049,"FCR",50,"modeled"
2018-12-23,7.96541666666667,111.592727272727,0.0949,"FCR",50,"modeled"
2018-12-24,6.525,117.468181818182,0.0903,"FCR",50,"modeled"
2018-12-25,4.94666666666667,112.643181818182,0.0878,"FCR",50,"modeled"
2018-12-26,3.75958333333333,124.915909090909,0.0859,"FCR",50,"modeled"
2018-12-27,4.31583333333333,42.1118181818182,0.0838,"FCR",50,"modeled"
2018-12-28,9.37166666666667,14.0909090909091,0.0978,"FCR",50,"modeled"
2018-12-29,12.4175,94.9890909090909,0.0994,"FCR",50,"modeled"
2018-12-30,8.305,89.0881818181818,0.0917,"FCR",50,"modeled"
2018-12-31,9.45958333333333,17.2013636363636,0.0867,"FCR",50,"modeled"
2019-01-01,13.0858333333333,45.3309090909091,0.0825,"FCR",50,"modeled"
2019-01-02,6.53875,27.2834782608696,0.0819,"FCR",50,"modeled"
2019-01-03,8.35416666666667,47.6090909090909,0.0818,"FCR",50,"modeled"
2019-01-04,6.52583333333333,11.7604545454545,0.0817,"FCR",50,"modeled"
2019-01-05,9.08416666666667,130.445454545455,0.0822,"FCR",50,"modeled"
2019-01-06,9.52875,58.17,0.0795,"FCR",50,"modeled"
2019-01-07,5.84833333333333,62.2177272727273,0.079,"FCR",50,"modeled"
2019-01-08,13.0641666666667,113.147272727273,0.0789,"FCR",50,"modeled"
2019-01-09,6.4675,150.106818181818,0.0784,"FCR",50,"modeled"
2019-01-10,-2.94,116.83,0.0853,"FCR",50,"modeled"
2019-01-11,0.435416666666667,139.771818181818,0.0838,"FCR",50,"modeled"
2019-01-12,0.8425,23.585,0.0786,"FCR",50,"modeled"
2019-01-13,1.09291666666667,13.1540909090909,0.0789,"FCR",50,"modeled"
2019-01-14,2.78166666666667,37.2940909090909,0.0731,"FCR",50,"modeled"
2019-01-15,4.51625,126.665,0.0731,"FCR",50,"modeled"
2019-01-16,2.60916666666667,117.500454545455,0.0715,"FCR",50,"modeled"
2019-01-17,0.514166666666667,24.2072727272727,0.0667,"FCR",50,"modeled"
2019-01-18,5.17833333333333,89.9504545454545,0.0635,"FCR",50,"modeled"
2019-01-19,4.56,15.3809090909091,0.0604,"FCR",50,"modeled"
2019-01-20,1.415,150.238181818182,0.0789,"FCR",50,"modeled"
2019-01-21,-9.29,160.321363636364,0.0818,"FCR",50,"modeled"
2019-01-22,-4.76,157.762272727273,0.0713,"FCR",50,"modeled"
2019-01-23,3.4875,16.7790909090909,0.0637,"FCR",50,"modeled"
2019-01-24,7.10583333333333,118.934545454545,0.072,"FCR",50,"modeled"
2019-01-25,0.45875,156.036086956522,0.0803,"FCR",50,"modeled"
2019-01-26,-0.179166666666667,115.08,0.0776,"FCR",50,"modeled"
2019-01-27,2.26083333333333,56.2313043478261,0.0716,"FCR",50,"modeled"
2019-01-28,3.18125,142.05,0.0648,"FCR",50,"modeled"
2019-01-29,1.3775,28.8565217391304,0.0597,"FCR",50,"modeled"
2019-01-30,-5.73583333333333,152.992608695652,0.0597,"FCR",50,"modeled"
2019-01-31,-6.85833333333333,144.712083333333,0.0565,"FCR",50,"modeled"
2019-02-01,-0.309166666666667,31.6404166666667,0.0527,"FCR",50,"modeled"
2019-02-02,2.32,151.226666666667,0.0505,"FCR",50,"modeled"
2019-02-03,8.02458333333333,121.768333333333,0.0502,"FCR",50,"modeled"
2019-02-04,9.22458333333333,158.309583333333,0.0486,"FCR",50,"modeled"
2019-02-05,14.9083333333333,141.307083333333,0.0465,"FCR",50,"modeled"
2019-02-06,12.1745833333333,42.6383333333333,0.0445,"FCR",50,"modeled"
2019-02-07,16.41375,60.3566666666667,0.0444,"FCR",50,"modeled"
2019-02-08,10.2954166666667,121.607083333333,0.043,"FCR",50,"modeled"
2019-02-09,-1.21333333333333,125.905833333333,0.0395,"FCR",50,"modeled"
2019-02-10,-1.67833333333333,60.44125,0.0357,"FCR",50,"modeled"
2019-02-11,2.29375,52.3020833333333,0.0379,"FCR",50,"modeled"
2019-02-12,1.22208333333333,25.0445833333333,0.0443,"FCR",50,"modeled"
2019-02-13,4.59,179.0175,0.0513,"FCR",50,"modeled"
2019-02-14,6.87291666666667,105.2225,0.0467,"FCR",50,"modeled"
2019-02-15,10.6683333333333,64.74125,0.0434,"FCR",50,"modeled"
2019-02-16,3.74291666666667,92.4220833333333,0.0462,"FCR",50,"modeled"
2019-02-17,-0.2025,32.8565217391304,0.0501,"FCR",50,"modeled"
2019-02-18,4.035,92.4233333333333,0.062,"FCR",50,"modeled"
2019-02-19,1.75291666666667,116.27125,0.0615,"FCR",50,"modeled"
2019-02-20,-0.769583333333333,18.0926086956522,0.069,"FCR",50,"modeled"
2019-02-21,8.11166666666667,119.084782608696,0.098,"FCR",50,"modeled"
2019-02-22,5.28875,20.5917391304348,0.1117,"FCR",50,"modeled"
2019-02-23,2.39041666666667,23.6447826086957,0.1309,"FCR",50,"modeled"
2019-02-24,6.37916666666667,169.733043478261,0.1246,"FCR",50,"modeled"
2019-02-25,5.43541666666667,208.662173913043,0.1057,"FCR",50,"modeled"
2019-02-26,6.85083333333333,194.095652173913,0.0982,"FCR",50,"modeled"
2019-02-27,3.81541666666667,148.340434782609,0.0934,"FCR",50,"modeled"
2019-02-28,9.99375,134.528695652174,0.0883,"FCR",50,"modeled"
2019-03-01,1.75416666666667,15.7765217391304,0.0842,"FCR",50,"modeled"
2019-03-02,5.54916666666667,226.515,0.0888,"FCR",50,"modeled"
2019-03-03,3.5875,14.6113636363636,0.0858,"FCR",50,"modeled"
2019-03-04,-0.20375,190.538636363636,0.0914,"FCR",50,"modeled"
2019-03-05,-2.02291666666667,247.083181818182,0.0887,"FCR",50,"modeled"
2019-03-06,-3.81333333333333,238.413043478261,0.0872,"FCR",50,"modeled"
2019-03-07,0.319583333333333,185.088260869565,0.0835,"FCR",50,"modeled"
2019-03-08,0.275416666666667,38.9936363636364,0.0815,"FCR",50,"modeled"
2019-03-09,0.75375,43.6272727272727,0.0825,"FCR",50,"modeled"
2019-03-10,10.56875,199.289090909091,0.0805,"FCR",50,"modeled"
2019-03-11,10.54125,100.232272727273,0.0847,"FCR",50,"modeled"
2019-03-12,6.15916666666667,220.727826086957,0.0831,"FCR",50,"modeled"
2019-03-13,6.97625,183.710454545455,0.0828,"FCR",50,"modeled"
2019-03-14,13.0716666666667,167.861818181818,0.0821,"FCR",50,"modeled"
2019-03-15,16.3933333333333,87.9640909090909,0.0836,"FCR",50,"modeled"
2019-03-16,6.97541666666667,246.954545454545,0.0842,"FCR",50,"modeled"
2019-03-17,5.5025,260.819090909091,0.0836,"FCR",50,"modeled"
2019-03-18,4.60833333333333,218.856818181818,0.0841,"FCR",50,"modeled"
2019-03-19,3.20208333333333,269.724090909091,0.0835,"FCR",50,"modeled"
2019-03-20,5.82416666666667,240.97652173913,0.0831,"FCR",50,"modeled"
2019-03-21,7.21,151.386086956522,0.0833,"FCR",50,"modeled"
2019-03-22,6.8125,216.231304347826,0.0831,"FCR",50,"modeled"
2019-03-23,6.95041666666667,272.219565217391,0.0781,"FCR",50,"modeled"
2019-03-24,10.6725,230.786956521739,0.078,"FCR",50,"modeled"
2019-03-25,10.76,64.5008695652174,0.0759,"FCR",50,"modeled"
2019-03-26,7.19666666666667,230.34652173913,0.074,"FCR",50,"modeled"
2019-03-27,4.76333333333333,267.094583333333,0.0706,"FCR",50,"modeled"
2019-03-28,8.39416666666667,247.283333333333,0.0698,"FCR",50,"modeled"
2019-03-29,14.23625,208.259166666667,0.0703,"FCR",50,"modeled"
2019-03-30,15.6895833333333,197.575,0.0713,"FCR",50,"modeled"
2019-03-31,9.08708333333333,257.139166666667,0.0724,"FCR",50,"modeled"
2019-04-01,2.28041666666667,272.100833333333,0.0755,"FCR",50,"modeled"
2019-04-02,3.52916666666667,126.75375,0.0768,"FCR",50,"modeled"
2019-04-03,11.2145833333333,271.92375,0.0733,"FCR",50,"modeled"
2019-04-04,14.5908333333333,260.392916666667,0.065,"FCR",50,"modeled"
2019-04-05,10.2420833333333,60.8320833333333,0.0608,"FCR",50,"modeled"
2019-04-06,13.7895833333333,201.901666666667,0.0601,"FCR",50,"modeled"
2019-04-07,14.21125,71.7516666666667,0.0554,"FCR",50,"modeled"
2019-04-08,15.9579166666667,136.0325,0.0594,"FCR",50,"modeled"
2019-04-09,17.605,193.647916666667,0.0721,"FCR",50,"modeled"
2019-04-10,15.3175,291.04652173913,0.0631,"FCR",50,"modeled"
2019-04-11,16.88875,187.36347826087,0.0567,"FCR",50,"modeled"
2019-04-12,16.45,44.0904347826087,0.0565,"FCR",50,"modeled"
2019-04-13,15.5570833333333,85.5616666666667,0.066,"FCR",50,"modeled"
2019-04-14,16.8954166666667,23.1473913043478,0.0933,"FCR",50,"modeled"
2019-04-15,9.22583333333333,228.505217391304,0.1587,"FCR",50,"modeled"
2019-04-16,11.5029166666667,292.513913043478,0.1,"FCR",50,"modeled"
2019-04-17,19.2579166666667,251.71652173913,0.0937,"FCR",50,"modeled"
2019-04-18,19.0920833333333,254.675416666667,0.0911,"FCR",50,"modeled"
2019-04-19,18.12625,39.0366666666667,0.0945,"FCR",50,"modeled"
2019-04-20,10.5254166666667,131.570434782609,0.0996,"FCR",50,"modeled"
2019-04-21,10.65875,306.858695652174,0.0918,"FCR",50,"modeled"
2019-04-22,14.3029166666667,313.141739130435,0.0905,"FCR",50,"modeled"
2019-04-23,19.8391666666667,291.785652173913,0.0921,"FCR",50,"modeled"
2019-04-24,21.2420833333333,222.927391304348,0.0913,"FCR",50,"modeled"
2019-04-25,19.22875,204.676086956522,0.0894,"FCR",50,"modeled"
2019-04-26,15.2425,99.0673913043478,0.0904,"FCR",50,"modeled"
2019-04-27,15.1083333333333,317.897826086957,0.0894,"FCR",50,"modeled"
2019-04-28,17.9233333333333,302.134545454545,0.0898,"FCR",50,"modeled"
2019-04-29,11.515,212.520454545455,0.0883,"FCR",50,"modeled"
2019-04-30,20.6004166666667,292.582727272727,0.0889,"FCR",50,"modeled"
2019-05-01,21.6825,288.669166666667,0.089,"FCR",50,"modeled"
2019-05-02,20.9358333333333,245.552608695652,0.0884,"FCR",50,"modeled"
2019-05-03,20.5816666666667,270.009565217391,0.0876,"FCR",50,"modeled"
2019-05-04,19.9254166666667,214.390869565217,0.0861,"FCR",50,"modeled"
2019-05-05,18.2791666666667,138.280434782609,0.084,"FCR",50,"modeled"
2019-05-06,17.4454166666667,320.811739130435,0.0803,"FCR",50,"modeled"
2019-05-07,17.4841666666667,213.847826086957,0.0765,"FCR",50,"modeled"
2019-05-08,20.6491666666667,320.835217391304,0.0714,"FCR",50,"modeled"
2019-05-09,20.8358333333333,221.133913043478,0.0654,"FCR",50,"modeled"
2019-05-10,20.5,242.769130434783,0.0589,"FCR",50,"modeled"
2019-05-11,19.53625,105.403913043478,0.0552,"FCR",50,"modeled"
2019-05-12,19.045,134.327826086957,0.0596,"FCR",50,"modeled"
2019-05-13,13.9379166666667,215.138260869565,0.0617,"FCR",50,"modeled"
2019-05-14,11.4866666666667,226.608695652174,0.0552,"FCR",50,"modeled"
2019-05-15,14.0466666666667,307.60652173913,0.0484,"FCR",50,"modeled"
2019-05-16,17.7583333333333,317.261304347826,0.0431,"FCR",50,"modeled"
2019-05-17,20.6095833333333,249.54652173913,0.039,"FCR",50,"modeled"
2019-05-18,23.0404166666667,284.581304347826,0.0349,"FCR",50,"modeled"
2019-05-19,23.48375,304.479565217391,0.0321,"FCR",50,"modeled"
2019-05-20,23.0625,288.942608695652,0.0292,"FCR",50,"modeled"
2019-05-21,20.4891666666667,291.403913043478,0.0262,"FCR",50,"modeled"
2019-05-22,19.0108333333333,324.263913043478,0.0235,"FCR",50,"modeled"
2019-05-23,24.2291666666667,249.639130434783,0.0231,"FCR",50,"modeled"
2019-05-24,25.9391666666667,251.850869565217,0.022,"FCR",50,"modeled"
2019-05-25,24.0129166666667,281.409130434783,0.0208,"FCR",50,"modeled"
2019-05-26,24.64625,314.809565217391,0.0237,"FCR",50,"modeled"
2019-05-27,23.0179166666667,298.102173913043,0.0231,"FCR",50,"modeled"
2019-05-28,25.0708333333333,293.176956521739,0.0226,"FCR",50,"modeled"
2019-05-29,24.2191666666667,223.921739130435,0.0215,"FCR",50,"modeled"
2019-05-30,25.2845833333333,282.054347826087,0.0209,"FCR",50,"modeled"
2019-05-31,21.3729166666667,221.017826086957,0.0197,"FCR",50,"modeled"
2019-06-01,19.7808333333333,306.843043478261,0.0213,"FCR",50,"modeled"
2019-06-02,21.9466666666667,268.881304347826,0.0184,"FCR",50,"modeled"
2019-06-03,19.4766666666667,319.321304347826,0.0253,"FCR",50,"modeled"
2019-06-04,18.2654166666667,314.135833333333,0.0321,"FCR",50,"modeled"
2019-06-05,21.3191666666667,134.17625,0.0389,"FCR",50,"modeled"
2019-06-06,24.26625,233.184166666667,0.0457,"FCR",50,"modeled"
2019-06-07,22.9983333333333,58.4570833333333,0.0526,"FCR",50,"modeled"
2019-06-08,19.9741666666667,80.0075,0.0594,"FCR",50,"modeled"
2019-06-09,20.11,105.007916666667,0.0644,"FCR",50,"modeled"
2019-06-10,21.7775,136.897916666667,0.0638,"FCR",50,"modeled"
2019-06-11,18.9845833333333,332.703333333333,0.0817,"FCR",50,"modeled"
2019-06-12,17.4595833333333,270.8075,0.0672,"FCR",50,"modeled"
2019-06-13,19.2095833333333,273.785,0.0617,"FCR",50,"modeled"
2019-06-14,17.9829166666667,344.249166666667,0.0515,"FCR",50,"modeled"
2019-06-15,20.0775,328.992916666667,0.0438,"FCR",50,"modeled"
2019-06-16,22.635,206.96,0.0412,"FCR",50,"modeled"
2019-06-17,23.59875,210.217916666667,0.0399,"FCR",50,"modeled"
2019-06-18,22.5179166666667,183.19375,0.0385,"FCR",50,"modeled"
2019-06-19,22.3283333333333,206.4025,0.0365,"FCR",50,"modeled"
2019-06-20,23.0520833333333,209.794583333333,0.0355,"FCR",50,"modeled"
2019-06-21,21.4129166666667,283.063333333333,0.0313,"FCR",50,"modeled"
2019-06-22,19.5695833333333,165.776666666667,0.0279,"FCR",50,"modeled"
2019-06-23,20.5733333333333,262.920416666667,0.0257,"FCR",50,"modeled"
2019-06-24,24.2733333333333,296.995416666667,0.029,"FCR",50,"modeled"
2019-06-25,23.2033333333333,241.239583333333,0.0322,"FCR",50,"modeled"
2019-06-26,23.3841666666667,312.395,0.0265,"FCR",50,"modeled"
2019-06-27,24.7475,316.085,0.0279,"FCR",50,"modeled"
2019-06-28,24.165,248.40125,0.0293,"FCR",50,"modeled"
2019-06-29,23.8879166666667,254.35375,0.0189,"FCR",50,"modeled"
2019-06-30,26.16875,274.809583333333,0.0101,"FCR",50,"modeled"
2019-07-01,23.7279166666667,309.714166666667,0.0084,"FCR",50,"modeled"
2019-07-02,24.6833333333333,245.248333333333,0.0126,"FCR",50,"modeled"
2019-07-03,25.6725,251.541666666667,0.0143,"FCR",50,"modeled"
2019-07-04,24.36625,215.044166666667,0.012,"FCR",50,"modeled"
2019-07-05,23.1529166666667,200.643333333333,0.0125,"FCR",50,"modeled"
2019-07-06,24.9520833333333,254.13625,0.01,"FCR",50,"modeled"
2019-07-07,24.31,164.439583333333,0.0085,"FCR",50,"modeled"
2019-07-08,24.525,294.509166666667,0.0074,"FCR",50,"modeled"
2019-07-09,22.1554166666667,157.220833333333,0.0089,"FCR",50,"modeled"
2019-07-10,23.8483333333333,215.966666666667,0.0067,"FCR",50,"modeled"
2019-07-11,23.7479166666667,183.532916666667,0.0071,"FCR",50,"modeled"
2019-07-12,24.86375,286.877916666667,0.007,"FCR",50,"modeled"
2019-07-13,24.29875,292.445416666667,0.0064,"FCR",50,"modeled"
2019-07-14,25.9645833333333,314.289166666667,0.0058,"FCR",50,"modeled"
2019-07-15,24.5354166666667,233.644583333333,0.0064,"FCR",50,"modeled"
2019-07-16,24.49375,218.44125,0.0063,"FCR",50,"modeled"
2019-07-17,24.8329166666667,232.4875,0.0065,"FCR",50,"modeled"
2019-07-18,25.405,248.446666666667,0.0069,"FCR",50,"modeled"
2019-07-19,26.44,298.005833333333,0.0062,"FCR",50,"modeled"
2019-07-20,27.1120833333333,250.768333333333,0.006,"FCR",50,"modeled"
2019-07-21,24.2895833333333,129.867083333333,0.0075,"FCR",50,"modeled"
2019-07-22,23.2779166666667,128.368695652174,0.008,"FCR",50,"modeled"
2019-07-23,18.96375,81.1373913043478,0.0142,"FCR",50,"modeled"
2019-07-24,19.8320833333333,322.447391304348,0.0107,"FCR",50,"modeled"
2019-07-25,20.4125,330.217391304348,0.0088,"FCR",50,"modeled"
2019-07-26,21.2620833333333,304.365652173913,0.0084,"FCR",50,"modeled"
2019-07-27,22.1745833333333,317.421304347826,0.008,"FCR",50,"modeled"
2019-07-28,22.8325,281.986956521739,0.0081,"FCR",50,"modeled"
2019-07-29,23.91125,297.38347826087,0.0077,"FCR",50,"modeled"
2019-07-30,23.1120833333333,230.388695652174,0.0083,"FCR",50,"modeled"
2019-07-31,22.15,235.867826086957,0.0138,"FCR",50,"modeled"
2019-08-01,22.4041666666667,214.295217391304,0.01,"FCR",50,"modeled"
2019-08-02,22.0258333333333,221.088636363636,0.0133,"FCR",50,"modeled"
2019-08-03,23.2191666666667,297.493181818182,0.0081,"FCR",50,"modeled"
2019-08-04,23.8070833333333,319.262727272727,0.0072,"FCR",50,"modeled"
2019-08-05,23.3183333333333,232.047272727273,0.0065,"FCR",50,"modeled"
2019-08-06,22.98625,284.052272727273,0.0392,"FCR",50,"modeled"
2019-08-07,23.2591666666667,241.822272727273,0.0279,"FCR",50,"modeled"
2019-08-08,23.8841666666667,270.989090909091,0.0241,"FCR",50,"modeled"
2019-08-09,23.3658333333333,231.570909090909,0.0209,"FCR",50,"modeled"
2019-08-10,22.745,267.010909090909,0.0176,"FCR",50,"modeled"
2019-08-11,21.78125,321.747727272727,0.0151,"FCR",50,"modeled"
2019-08-12,25.2220833333333,283.976818181818,0.0117,"FCR",50,"modeled"
2019-08-13,26.32375,193.768636363636,0.0087,"FCR",50,"modeled"
2019-08-14,25.4904166666667,224.733636363636,0.007,"FCR",50,"modeled"
2019-08-15,24.26,262.335454545455,0.0072,"FCR",50,"modeled"
2019-08-16,23.4758333333333,247.085652173913,0.0109,"FCR",50,"modeled"
2019-08-17,24.515,269.383636363636,0.0087,"FCR",50,"modeled"
2019-08-18,24.7654166666667,282.075909090909,0.0069,"FCR",50,"modeled"
2019-08-19,24.9570833333333,218.26652173913,0.0062,"FCR",50,"modeled"
2019-08-20,24.2433333333333,185.72652173913,0.0059,"FCR",50,"modeled"
2019-08-21,24.97125,265.054347826087,0.0055,"FCR",50,"modeled"
2019-08-22,24.4004166666667,188.985652173913,0.0055,"FCR",50,"modeled"
2019-08-23,23.1175,181.638333333333,0.0057,"FCR",50,"modeled"
2019-08-24,17.6704166666667,120.695652173913,0.0145,"FCR",50,"modeled"
2019-08-25,18.4791666666667,229.167391304348,0.0074,"FCR",50,"modeled"
2019-08-26,19.5695833333333,203.120869565217,0.0066,"FCR",50,"modeled"
2019-08-27,19.5204166666667,70.6075,0.007,"FCR",50,"modeled"
2019-08-28,23.1008333333333,214.149565217391,0.0065,"FCR",50,"modeled"
2019-08-29,20.8383333333333,277.010416666667,0.0066,"FCR",50,"modeled"
2019-08-30,23.1983333333333,274.107391304348,0.0065,"FCR",50,"modeled"
2019-08-31,25.0508333333333,271.573913043478,0.0064,"FCR",50,"modeled"
2019-09-01,23.85375,228.424583333333,0.0066,"FCR",50,"modeled"
2019-09-02,23.6691666666667,248.231304347826,0.0063,"FCR",50,"modeled"
2019-09-03,24.09375,241.487916666667,0.0055,"FCR",50,"modeled"
2019-09-04,25.1983333333333,265.82347826087,0.0055,"FCR",50,"modeled"
2019-09-05,23.7679166666667,173.660434782609,0.0054,"FCR",50,"modeled"
2019-09-06,22.81625,243.2475,0.0057,"FCR",50,"modeled"
2019-09-07,22.1245833333333,207.274166666667,0.0054,"FCR",50,"modeled"
2019-09-08,22.88625,257.25347826087,0.0057,"FCR",50,"modeled"
2019-09-09,25.3833333333333,181.68652173913,0.0054,"FCR",50,"modeled"
2019-09-10,24.2641666666667,146.514782608696,0.0055,"FCR",50,"modeled"
2019-09-11,25.22125,241.780434782609,0.0057,"FCR",50,"modeled"
2019-09-12,24.93875,214.144347826087,0.0066,"FCR",50,"modeled"
2019-09-13,22.1383333333333,58.3034782608696,0.006,"FCR",50,"modeled"
2019-09-14,21.4783333333333,103.400434782609,0.0066,"FCR",50,"modeled"
2019-09-15,22.3433333333333,176.15652173913,0.0062,"FCR",50,"modeled"
2019-09-16,22.8575,239.777826086957,0.0058,"FCR",50,"modeled"
2019-09-17,21.9320833333333,194.018260869565,0.0055,"FCR",50,"modeled"
2019-09-18,20.02875,142.629565217391,0.0054,"FCR",50,"modeled"
2019-09-19,15.8154166666667,142.144347826087,0.0054,"FCR",50,"modeled"
2019-09-20,17.0370833333333,235.077391304348,0.0054,"FCR",50,"modeled"
2019-09-21,22.2154166666667,152.270434782609,0.0053,"FCR",50,"modeled"
2019-09-22,23.7133333333333,223.943913043478,0.0053,"FCR",50,"modeled"
2019-09-23,24.21375,178.640434782609,0.0051,"FCR",50,"modeled"
2019-09-24,21.7541666666667,240.418260869565,0.005,"FCR",50,"modeled"
2019-09-25,19.9441666666667,219.625652173913,0.0052,"FCR",50,"modeled"
2019-09-26,24.21,145.842916666667,0.0051,"FCR",50,"modeled"
2019-09-27,22.3125,196.605,0.0052,"FCR",50,"modeled"
2019-09-28,24.05,153.916956521739,0.0053,"FCR",50,"modeled"
2019-09-29,25.31375,199.995217391304,0.0054,"FCR",50,"modeled"
2019-09-30,24.0825,113.998333333333,0.005,"FCR",50,"modeled"
2019-10-01,24.03375,158.637916666667,0.0052,"FCR",50,"modeled"
2019-10-02,25.5141666666667,182.335833333333,0.005,"FCR",50,"modeled"
2019-10-03,25.98375,200.78,0.0049,"FCR",50,"modeled"
2019-10-04,23.78,205.606666666667,0.0047,"FCR",50,"modeled"
2019-10-05,12.6229166666667,65.3408333333333,0.0048,"FCR",50,"modeled"
2019-10-06,16.6191666666667,57.6970833333333,0.0063,"FCR",50,"modeled"
2019-10-07,20.9029166666667,86.3041666666667,0.0056,"FCR",50,"modeled"
2019-10-08,13.9941666666667,31.205,0.0066,"FCR",50,"modeled"
2019-10-09,16.2375,204.00375,0.0062,"FCR",50,"modeled"
2019-10-10,16.1775,202.511739130435,0.0056,"FCR",50,"modeled"
2019-10-11,16.8891666666667,189.407391304348,0.0057,"FCR",50,"modeled"
2019-10-12,18.2554166666667,99.4991304347826,0.0054,"FCR",50,"modeled"
2019-10-13,13.51875,86.8252173913043,0.0055,"FCR",50,"modeled"
2019-10-14,15.4279166666667,200.491304347826,0.0055,"FCR",50,"modeled"
2019-10-15,14.8708333333333,186.798260869565,0.0052,"FCR",50,"modeled"
2019-10-16,11.98,70.5747826086957,0.0093,"FCR",50,"modeled"
2019-10-17,10.70375,160.313043478261,0.0068,"FCR",50,"modeled"
2019-10-18,10.3754166666667,200.956818181818,0.0058,"FCR",50,"modeled"
2019-10-19,10.1645833333333,129.660454545455,0.0058,"FCR",50,"modeled"
2019-10-20,13.8695833333333,90.8686363636364,0.0184,"FCR",50,"modeled"
2019-10-21,16.02,65.2509090909091,0.0075,"FCR",50,"modeled"
2019-10-22,14.87375,50.2372727272727,0.0108,"FCR",50,"modeled"
2019-10-23,11.2783333333333,189.348181818182,0.0084,"FCR",50,"modeled"
2019-10-24,10.46375,188.023181818182,0.0068,"FCR",50,"modeled"
2019-10-25,11.6275,87.1440909090909,0.0064,"FCR",50,"modeled"
2019-10-26,15.1741666666667,89.5704347826087,0.0063,"FCR",50,"modeled"
2019-10-27,18.8879166666667,183.073181818182,0.0162,"FCR",50,"modeled"
2019-10-28,14.9745833333333,183.934090909091,0.0088,"FCR",50,"modeled"
2019-10-29,14.59375,48.2904545454545,0.0072,"FCR",50,"modeled"
2019-10-30,15.72,19.9440909090909,0.0081,"FCR",50,"modeled"
2019-10-31,17.3595833333333,17.7172727272727,0.016,"FCR",50,"modeled"
2019-11-01,4.98791666666667,185.768181818182,0.0205,"FCR",50,"modeled"
2019-11-02,6.29,171.803913043478,0.01,"FCR",50,"modeled"
2019-11-03,6.50708333333333,179.042727272727,0.0083,"FCR",50,"modeled"
2019-11-04,6.985,162.490454545455,0.0079,"FCR",50,"modeled"
2019-11-05,10.56875,118.283043478261,0.0074,"FCR",50,"modeled"
2019-11-06,9.69291666666667,170.837272727273,0.0071,"FCR",50,"modeled"
2019-11-07,10.77125,77.5469565217391,0.0071,"FCR",50,"modeled"
2019-11-08,2.81875,174.695454545455,0.0072,"FCR",50,"modeled"
2019-11-09,0.53875,132.501304347826,0.0071,"FCR",50,"modeled"
2019-11-10,9.10541666666667,151.565652173913,0.007,"FCR",50,"modeled"
2019-11-11,14.3520833333333,140.702608695652,0.0068,"FCR",50,"modeled"
2019-11-12,2.87416666666667,78.85125,0.0074,"FCR",50,"modeled"
2019-11-13,-3.02916666666667,150.686086956522,0.0072,"FCR",50,"modeled"
2019-11-14,1.725,106.776086956522,0.007,"FCR",50,"modeled"
2019-11-15,6.765,73.5539130434783,0.007,"FCR",50,"modeled"
2019-11-16,4.87166666666667,146.307826086957,0.0071,"FCR",50,"modeled"
2019-11-17,3.11333333333333,70.9826086956522,0.0071,"FCR",50,"modeled"
2019-11-18,5.25583333333333,44.7873913043478,0.0073,"FCR",50,"modeled"
2019-11-19,6.26583333333333,79.954347826087,0.0077,"FCR",50,"modeled"
2019-11-20,8.44166666666667,142.617083333333,0.0071,"FCR",50,"modeled"
2019-11-21,8.25666666666667,85.8647826086956,0.0069,"FCR",50,"modeled"
2019-11-22,11.0791666666667,33.134347826087,0.0069,"FCR",50,"modeled"
2019-11-23,3.90458333333333,21.2030434782609,0.0075,"FCR",50,"modeled"
2019-11-24,6.88708333333333,124.373333333333,0.0098,"FCR",50,"modeled"
2019-11-25,7.31875,128.62625,0.0077,"FCR",50,"modeled"
2019-11-26,10.8466666666667,120.727826086957,0.0072,"FCR",50,"modeled"
2019-11-27,11.7754166666667,36.6275,0.008,"FCR",50,"modeled"
2019-11-28,6.19083333333333,133.370434782609,0.0077,"FCR",50,"modeled"
2019-11-29,7.49541666666667,96.9639130434783,0.0075,"FCR",50,"modeled"
2019-11-30,5.42958333333333,23.3841666666667,0.0083,"FCR",50,"modeled"
2019-12-01,5.42708333333333,25.6891304347826,0.0216,"FCR",50,"modeled"
2019-12-02,3.93,55.115652173913,0.0164,"FCR",50,"modeled"
2019-12-03,2.67166666666667,90.75625,0.0113,"FCR",50,"modeled"
2019-12-04,5.62791666666667,120.268333333333,0.0093,"FCR",50,"modeled"
2019-12-05,6.51583333333333,120.93625,0.0126,"FCR",50,"modeled"
2019-12-06,6.95583333333333,40.3929166666667,0.0139,"FCR",50,"modeled"
2019-12-07,4.58791666666667,96.0066666666667,0.0076,"FCR",50,"modeled"
2019-12-08,2.05166666666667,113.74,0.0075,"FCR",50,"modeled"
2019-12-09,4.47625,10.3470833333333,0.0099,"FCR",50,"modeled"
2019-12-10,7.99083333333333,14.23125,0.0098,"FCR",50,"modeled"
2019-12-11,1.34791666666667,126.596956521739,0.0099,"FCR",50,"modeled"
2019-12-12,-0.53875,121.52347826087,0.0089,"FCR",50,"modeled"
2019-12-13,1.28666666666667,8.61260869565217,0.0105,"FCR",50,"modeled"
2019-12-14,6.37208333333333,66.9019047619048,0.0172,"FCR",50,"modeled"
2019-12-15,6.55958333333333,126.902727272727,0.0156,"FCR",50,"modeled"
2019-12-16,6.45333333333333,41.475652173913,0.0117,"FCR",50,"modeled"
2019-12-17,6.60625,33.2595454545455,0.0103,"FCR",50,"modeled"
2019-12-18,0.147083333333333,128.267727272727,0.0096,"FCR",50,"modeled"
2019-12-19,-1.72666666666667,126.111818181818,0.0088,"FCR",50,"modeled"
2019-12-20,4.0775,121.462727272727,0.0082,"FCR",50,"modeled"
2019-12-21,1.32875,80.5282608695652,0.0079,"FCR",50,"modeled"
2019-12-22,5.28208333333333,59.5218181818182,0.0077,"FCR",50,"modeled"
2019-12-23,7.04625,48.3586363636364,0.0075,"FCR",50,"modeled"
2019-12-24,8.21291666666667,120.791818181818,0.0076,"FCR",50,"modeled"
2019-12-25,5.09625,108.091818181818,0.0075,"FCR",50,"modeled"
2019-12-26,9.665,118.756818181818,0.0075,"FCR",50,"modeled"
2019-12-27,10.0270833333333,76.0186363636364,0.0072,"FCR",50,"modeled"
2019-12-28,12.1245833333333,114.72,0.007,"FCR",50,"modeled"
2019-12-29,13.4225,24.9104545454545,0.0071,"FCR",50,"modeled"
2019-12-30,15.7041666666667,115.186818181818,0.008,"FCR",50,"modeled"
2019-12-31,8.8975,112.133181818182,0.0074,"FCR",50,"modeled"
2020-01-01,6.53375,119.499090909091,0.0072,"FCR",50,"modeled"
2020-01-02,8.13291666666667,58.7813043478261,0.0069,"FCR",50,"modeled"
2020-01-03,9.87458333333333,24.4318181818182,0.0079,"FCR",50,"modeled"
2020-01-04,11.5216666666667,63.0968181818182,0.0084,"FCR",50,"modeled"
2020-01-05,4.765,131.345909090909,0.0088,"FCR",50,"modeled"
2020-01-06,6.64333333333333,134.038636363636,0.0077,"FCR",50,"modeled"
2020-01-07,2.84791666666667,21.8486363636364,0.0079,"FCR",50,"modeled"
2020-01-08,5.39416666666667,124.593636363636,0.0077,"FCR",50,"modeled"
2020-01-09,1.52583333333333,122.680454545455,0.0075,"FCR",50,"modeled"
2020-01-10,7.90458333333333,49.5863636363636,0.0071,"FCR",50,"modeled"
2020-01-11,15.8404166666667,17.3972727272727,0.0093,"FCR",50,"modeled"
2020-01-12,14.4079166666667,136.642272727273,0.0291,"FCR",50,"modeled"
2020-01-13,10.32,54.6413636363636,0.0167,"FCR",50,"modeled"
2020-01-14,11.9775,41.6622727272727,0.0122,"FCR",50,"modeled"
2020-01-15,11.2,75.1095454545455,0.0102,"FCR",50,"modeled"
2020-01-16,10.5645833333333,142.879090909091,0.0092,"FCR",50,"modeled"
2020-01-17,1.04333333333333,107.861363636364,0.009,"FCR",50,"modeled"
2020-01-18,1.4575,22.8459090909091,0.0085,"FCR",50,"modeled"
2020-01-19,3.81041666666667,133.575909090909,0.0094,"FCR",50,"modeled"
2020-01-20,-1.86583333333333,150.855909090909,0.0106,"FCR",50,"modeled"
2020-01-21,-3.23333333333333,154.864090909091,0.0107,"FCR",50,"modeled"
2020-01-22,-1.57208333333333,151.99,0.0098,"FCR",50,"modeled"
2020-01-23,1.09375,78.415,0.0095,"FCR",50,"modeled"
2020-01-24,5.46416666666667,23.6045454545455,0.0113,"FCR",50,"modeled"
2020-01-25,7.2675,125.612173913043,0.0273,"FCR",50,"modeled"
2020-01-26,3.93083333333333,90.0539130434783,0.0167,"FCR",50,"modeled"
2020-01-27,5.98916666666667,68.3860869565217,0.0127,"FCR",50,"modeled"
2020-01-28,3.81583333333333,80.2669565217391,0.0109,"FCR",50,"modeled"
2020-01-29,2.73833333333333,109.025217391304,0.0098,"FCR",50,"modeled"
2020-01-30,2.48125,66.65,0.0091,"FCR",50,"modeled"
2020-01-31,1.50958333333333,35.1541666666667,0.0088,"FCR",50,"modeled"
2020-02-01,5.19875,83.6645833333333,0.0086,"FCR",50,"modeled"
2020-02-02,11.1504166666667,154.049583333333,0.0082,"FCR",50,"modeled"
2020-02-03,15.6541666666667,90.18125,0.0079,"FCR",50,"modeled"
2020-02-04,16.9029166666667,31.58375,0.0078,"FCR",50,"modeled"
2020-02-05,12.4541666666667,26.2358333333333,0.0087,"FCR",50,"modeled"
2020-02-06,8.1125,8.58916666666667,0.0323,"FCR",50,"modeled"
2020-02-07,5.52541666666667,68.8783333333333,0.054,"FCR",50,"modeled"
2020-02-08,1.51208333333333,126.579583333333,0.0289,"FCR",50,"modeled"
2020-02-09,4.49583333333333,176.126666666667,0.0192,"FCR",50,"modeled"
2020-02-10,7.29958333333333,25.1820833333333,0.0156,"FCR",50,"modeled"
2020-02-11,15.2220833333333,67.0333333333333,0.0166,"FCR",50,"modeled"
2020-02-12,7.605,31.57375,0.0161,"FCR",50,"modeled"
2020-02-13,10.4925,33.5008333333333,0.0199,"FCR",50,"modeled"
2020-02-14,2.35208333333333,180.019166666667,0.0201,"FCR",50,"modeled"
2020-02-15,-2.72416666666667,167.567083333333,0.0174,"FCR",50,"modeled"
2020-02-16,5.59375,111.252916666667,0.0151,"FCR",50,"modeled"
2020-02-17,9.3975,167.65,0.0138,"FCR",50,"modeled"
2020-02-18,10.0675,52.175,0.0128,"FCR",50,"modeled"
2020-02-19,8.95208333333333,128.752916666667,0.0127,"FCR",50,"modeled"
2020-02-20,4.20416666666667,37.3186956521739,0.0111,"FCR",50,"modeled"
2020-02-21,2.005,198.966956521739,0.0108,"FCR",50,"modeled"
2020-02-22,6.33833333333333,200.168695652174,0.0105,"FCR",50,"modeled"
2020-02-23,9.48416666666667,199.106956521739,0.0102,"FCR",50,"modeled"
2020-02-24,8.33083333333333,59.455652173913,0.0101,"FCR",50,"modeled"
2020-02-25,11.6029166666667,148.385217391304,0.011,"FCR",50,"modeled"
2020-02-26,11.3933333333333,151.328260869565,0.0104,"FCR",50,"modeled"
2020-02-27,2.5975,214.60652173913,0.011,"FCR",50,"modeled"
2020-02-28,3.29875,119.71347826087,0.0101,"FCR",50,"modeled"
2020-02-29,1.80666666666667,223.567391304348,0.0101,"FCR",50,"modeled"
2020-03-01,5.745,220.862272727273,0.0096,"FCR",50,"modeled"
2020-03-02,10.3575,81.0195454545455,0.0094,"FCR",50,"modeled"
2020-03-03,13.1633333333333,103.931363636364,0.0098,"FCR",50,"modeled"
2020-03-04,12.5183333333333,187.274090909091,0.0094,"FCR",50,"modeled"
2020-03-05,8.77333333333333,109.766956521739,0.0092,"FCR",50,"modeled"
2020-03-06,4.99,137.227391304348,0.0096,"FCR",50,"modeled"
2020-03-07,3.49958333333333,259.892272727273,0.0094,"FCR",50,"modeled"
2020-03-08,7.50708333333333,246.469090909091,0.0089,"FCR",50,"modeled"
2020-03-09,13.91,200.791818181818,0.0088,"FCR",50,"modeled"
2020-03-10,16.1333333333333,91.8454545454545,0.0089,"FCR",50,"modeled"
2020-03-11,16.45875,171.202608695652,0.009,"FCR",50,"modeled"
2020-03-12,14.7816666666667,210.209545454545,0.0089,"FCR",50,"modeled"
2020-03-13,17.9729166666667,156.155454545455,0.012,"FCR",50,"modeled"
2020-03-14,11.4058333333333,154.371818181818,0.01,"FCR",50,"modeled"
2020-03-15,7.86625,51.3954545454545,0.0106,"FCR",50,"modeled"
2020-03-16,8.28291666666667,93.1190909090909,0.01,"FCR",50,"modeled"
2020-03-17,10.7270833333333,156.412727272727,0.0099,"FCR",50,"modeled"
2020-03-18,8.71833333333333,89.7509090909091,0.0096,"FCR",50,"modeled"
2020-03-19,16.09125,158.268260869565,0.0107,"FCR",50,"modeled"
2020-03-20,18.5166666666667,98.8682608695652,0.0102,"FCR",50,"modeled"
2020-03-21,13.5641666666667,160.097391304348,0.0108,"FCR",50,"modeled"
2020-03-22,7.1575,157.914782608696,0.0098,"FCR",50,"modeled"
2020-03-23,5.95833333333333,62.855652173913,0.0117,"FCR",50,"modeled"
2020-03-24,10.0666666666667,146.732608695652,0.0111,"FCR",50,"modeled"
2020-03-25,9.0325,161.124782608696,0.0251,"FCR",50,"modeled"
2020-03-26,9.53083333333333,173.045833333333,0.0204,"FCR",50,"modeled"
2020-03-27,19.2983333333333,182.317916666667,0.016,"FCR",50,"modeled"
2020-03-28,20.02625,226.882916666667,0.0133,"FCR",50,"modeled"
2020-03-29,21.10125,193.735,0.0122,"FCR",50,"modeled"
2020-03-30,19.5783333333333,230.775833333333,0.0111,"FCR",50,"modeled"
2020-03-31,8.09458333333333,29.2233333333333,0.0132,"FCR",50,"modeled"
2020-04-01,6.92541666666667,143.528333333333,0.0164,"FCR",50,"modeled"
2020-04-02,10.1158333333333,274.29625,0.0141,"FCR",50,"modeled"
2020-04-03,14.11875,285.101666666667,0.013,"FCR",50,"modeled"
2020-04-04,15.2545833333333,276.77,0.0122,"FCR",50,"modeled"
2020-04-05,15.0954166666667,219.78375,0.0115,"FCR",50,"modeled"
2020-04-06,17.9075,235.784166666667,0.0113,"FCR",50,"modeled"
2020-04-07,19.425,204.4575,0.0111,"FCR",50,"modeled"
2020-04-08,19.2929166666667,147.812083333333,0.0112,"FCR",50,"modeled"
2020-04-09,15.7579166666667,270.063913043478,0.0109,"FCR",50,"modeled"
2020-04-10,5.89625,251.711739130435,0.0106,"FCR",50,"modeled"
2020-04-11,9.65708333333333,273.969565217391,0.01,"FCR",50,"modeled"
2020-04-12,14.2979166666667,105.364583333333,0.0101,"FCR",50,"modeled"
2020-04-13,17.2408333333333,166.50347826087,0.0991,"FCR",50,"modeled"
2020-04-14,9.1975,222.840434782609,0.0944,"FCR",50,"modeled"
2020-04-15,6.11083333333333,315.831739130435,0.0931,"FCR",50,"modeled"
2020-04-16,8.92,314.868260869565,0.0876,"FCR",50,"modeled"
2020-04-17,12.5916666666667,266.88125,0.0819,"FCR",50,"modeled"
2020-04-18,9.47875,260.614166666667,0.0776,"FCR",50,"modeled"
2020-04-19,10.63625,178.258260869565,0.0707,"FCR",50,"modeled"
2020-04-20,12.3670833333333,201.01,0.0665,"FCR",50,"modeled"
2020-04-21,14.6720833333333,229.085652173913,0.0625,"FCR",50,"modeled"
2020-04-22,11.9283333333333,311.31,0.0545,"FCR",50,"modeled"
2020-04-23,12.155,24.3460869565217,0.0495,"FCR",50,"modeled"
2020-04-24,16.9454166666667,240.62,0.0529,"FCR",50,"modeled"
2020-04-25,11.7625,78.0665217391304,0.0514,"FCR",50,"modeled"
2020-04-26,12.6679166666667,188.198260869565,0.0632,"FCR",50,"modeled"
2020-04-27,11.4591666666667,344.884545454545,0.0642,"FCR",50,"modeled"
2020-04-28,13.6854166666667,134.307272727273,0.0574,"FCR",50,"modeled"
2020-04-29,17.9195833333333,172.640454545455,0.0537,"FCR",50,"modeled"
2020-04-30,13.41625,125.155416666667,0.1078,"FCR",50,"modeled"
2020-05-01,11.9783333333333,146.964782608696,0.1043,"FCR",50,"modeled"
2020-05-02,16.3520833333333,307.062608695652,0.0973,"FCR",50,"modeled"
2020-05-03,22.6770833333333,257.777826086957,0.0943,"FCR",50,"modeled"
2020-05-04,20.4225,333.121739130435,0.0927,"FCR",50,"modeled"
2020-05-05,11.3125,91.9013043478261,0.0869,"FCR",50,"modeled"
2020-05-06,10.3958333333333,174.167391304348,0.084,"FCR",50,"modeled"
2020-05-07,12.7545833333333,333.484782608696,0.0763,"FCR",50,"modeled"
2020-05-08,12.3825,104.281739130435,0.0677,"FCR",50,"modeled"
2020-05-09,6.69125,346.727826086956,0.0611,"FCR",50,"modeled"
2020-05-10,11.1725,342.260869565217,0.0536,"FCR",50,"modeled"
2020-05-11,10.5883333333333,267.570869565217,0.0495,"FCR",50,"modeled"
2020-05-12,11.39375,308.195652173913,0.0443,"FCR",50,"modeled"
2020-05-13,13.4016666666667,182.131739130435,0.0395,"FCR",50,"modeled"
2020-05-14,18.67625,228.95,0.0392,"FCR",50,"modeled"
2020-05-15,21.2345833333333,331.283043478261,0.0389,"FCR",50,"modeled"
2020-05-16,23.07,319.238260869565,0.0386,"FCR",50,"modeled"
2020-05-17,21.6745833333333,196.902608695652,0.0384,"FCR",50,"modeled"
2020-05-18,19.1633333333333,122.924782608696,0.0381,"FCR",50,"modeled"
2020-05-19,11.3845833333333,45.6047826086957,0.0378,"FCR",50,"modeled"
2020-05-20,8.27708333333333,36.8647826086956,0.0375,"FCR",50,"modeled"
2020-05-21,12.4683333333333,40.8121739130435,0.0372,"FCR",50,"modeled"
2020-05-22,18.0975,232.974782608696,0.037,"FCR",50,"modeled"
2020-05-23,19.8041666666667,234.588695652174,0.0367,"FCR",50,"modeled"
2020-05-24,19.5975,275.022173913044,0.0364,"FCR",50,"modeled"
2020-05-25,17.5633333333333,100.211739130435,0.0361,"FCR",50,"modeled"
2020-05-26,20.04625,173.714782608696,0.0359,"FCR",50,"modeled"
2020-05-27,18.9504166666667,76.4326086956522,0.0356,"FCR",50,"modeled"
2020-05-28,21.7554166666667,229.740434782609,0.0353,"FCR",50,"modeled"
2020-05-29,21.9454166666667,202.098260869565,0.035,"FCR",50,"modeled"
2020-05-30,21.7770833333333,321.596086956522,0.0348,"FCR",50,"modeled"
2020-05-31,19.0241666666667,350.382173913043,0.0345,"FCR",50,"modeled"
2020-06-01,15.80625,355.017391304348,0.0342,"FCR",50,"modeled"
2020-06-02,22.2416666666667,324.421304347826,0.0339,"FCR",50,"modeled"
2020-06-03,26.1775,318.04375,0.0336,"FCR",50,"modeled"
2020-06-04,25.4225,222.575,0.0334,"FCR",50,"modeled"
2020-06-05,23.13625,195.65375,0.0331,"FCR",50,"modeled"
2020-06-06,24.27125,289.080416666667,0.0328,"FCR",50,"modeled"
2020-06-07,23.555,336.775,0.0325,"FCR",50,"modeled"
2020-06-08,23.5808333333333,287.00875,0.0323,"FCR",50,"modeled"
2020-06-09,26.0291666666667,249.109166666667,0.032,"FCR",50,"modeled"
2020-06-10,24.6920833333333,215.429166666667,0.0317,"FCR",50,"modeled"
2020-06-11,23.2858333333333,218.275416666667,0.0314,"FCR",50,"modeled"
2020-06-12,22.3370833333333,347.472916666667,0.0312,"FCR",50,"modeled"
2020-06-13,21.3445833333333,271.77125,0.0309,"FCR",50,"modeled"
2020-06-14,18.9241666666667,205.085833333333,0.0306,"FCR",50,"modeled"
2020-06-15,14.5470833333333,64.3970833333333,0.0303,"FCR",50,"modeled"
2020-06-16,14.315,67.9254166666667,0.03,"FCR",50,"modeled"
2020-06-17,15.7204166666667,53.2904166666667,0.0298,"FCR",50,"modeled"
2020-06-18,18.6070833333333,174.879583333333,0.0295,"FCR",50,"modeled"
2020-06-19,19.5208333333333,162.034166666667,0.0292,"FCR",50,"modeled"
2020-06-20,20.8275,324.107916666667,0.0289,"FCR",50,"modeled"
2020-06-21,21.8904166666667,267.775,0.0287,"FCR",50,"modeled"
2020-06-22,23.3808333333333,274.64875,0.0284,"FCR",50,"modeled"
2020-06-23,23.0016666666667,186.635833333333,0.0281,"FCR",50,"modeled"
2020-06-24,23.425,178.592916666667,0.0278,"FCR",50,"modeled"
2020-06-25,23.48375,240.240833333333,0.0275,"FCR",50,"modeled"
2020-06-26,23.3266666666667,243.149583333333,0.0273,"FCR",50,"modeled"
2020-06-27,25.2675,247.584166666667,0.027,"FCR",50,"modeled"
2020-06-28,24.3816666666667,126.730416666667,0.0267,"FCR",50,"modeled"
2020-06-29,25.3183333333333,278.912083333333,0.0264,"FCR",50,"modeled"
2020-06-30,24.9133333333333,229.195,0.0262,"FCR",50,"modeled"
2020-07-01,25.5766666666667,339.818333333333,0.0259,"FCR",50,"modeled"
2020-07-02,24.7429166666667,306.275833333333,0.0256,"FCR",50,"modeled"
2020-07-03,25.1354166666667,335.37,0.0253,"FCR",50,"modeled"
2020-07-04,26.10625,280.619166666667,0.0251,"FCR",50,"modeled"
2020-07-05,26.60875,298.56875,0.0248,"FCR",50,"modeled"
2020-07-06,26.61875,305.86625,0.0245,"FCR",50,"modeled"
2020-07-07,25.7958333333333,294.38,0.0242,"FCR",50,"modeled"
2020-07-08,26.4970833333333,276.720416666667,0.0239,"FCR",50,"modeled"
2020-07-09,26.43125,233.198333333333,0.0237,"FCR",50,"modeled"
2020-07-10,26.6133333333333,251.832916666667,0.0234,"FCR",50,"modeled"
2020-07-11,25.8758333333333,288.062916666667,0.0231,"FCR",50,"modeled"
2020-07-12,25.8883333333333,251.964583333333,0.0228,"FCR",50,"modeled"
2020-07-13,24.9541666666667,296.677916666667,0.0226,"FCR",50,"modeled"
2020-07-14,25.9554166666667,288.5625,0.0223,"FCR",50,"modeled"
2020-07-15,26.5325,299.698333333333,0.022,"FCR",50,"modeled"
2020-07-16,26.69375,173.296666666667,0.0217,"FCR",50,"modeled"
2020-07-17,27.1716666666667,223.360416666667,0.0215,"FCR",50,"modeled"
2020-07-18,27.7933333333333,283.913333333333,0.0212,"FCR",50,"modeled"
2020-07-19,28.4883333333333,275.084166666667,0.0209,"FCR",50,"modeled"
2020-07-20,27.6108333333333,221.046666666667,0.0206,"FCR",50,"modeled"
2020-07-21,26.2608333333333,194.567391304348,0.0203,"FCR",50,"modeled"
2020-07-22,26.5233333333333,263.36,0.0201,"FCR",50,"modeled"
2020-07-23,25.93,183.433043478261,0.0198,"FCR",50,"modeled"
2020-07-24,26.39875,254.535217391304,0.0195,"FCR",50,"modeled"
2020-07-25,26.7220833333333,270.819565217391,0.0192,"FCR",50,"modeled"
2020-07-26,26.94125,222.659130434783,0.019,"FCR",50,"modeled"
2020-07-27,27.25375,264.202608695652,0.0187,"FCR",50,"modeled"
2020-07-28,26.4816666666667,236.248260869565,0.0184,"FCR",50,"modeled"
2020-07-29,26.2745833333333,225.209565217391,0.0181,"FCR",50,"modeled"
2020-07-30,25.6116666666667,161.686086956522,0.0179,"FCR",50,"modeled"
2020-07-31,24.7895833333333,165.497391304348,0.0176,"FCR",50,"modeled"
2020-08-01,24.1629166666667,203.575,0.0173,"FCR",50,"modeled"
2020-08-02,24.6925,227.126363636364,0.017,"FCR",50,"modeled"
2020-08-03,22.0045833333333,98.5086363636364,0.0167,"FCR",50,"modeled"
2020-08-04,23.7075,306.760454545455,0.0165,"FCR",50,"modeled"
2020-08-05,23.20375,226.475909090909,0.0162,"FCR",50,"modeled"
2020-08-06,22.2854166666667,185.787272727273,0.0159,"FCR",50,"modeled"
2020-08-07,22.9058333333333,259.211818181818,0.0156,"FCR",50,"modeled"
2020-08-08,23.78125,268.34,0.0154,"FCR",50,"modeled"
2020-08-09,24.1691666666667,279.145,0.0151,"FCR",50,"modeled"
2020-08-10,24.7629166666667,251.631818181818,0.0148,"FCR",50,"modeled"
2020-08-11,26.3954166666667,267.558181818182,0.0145,"FCR",50,"modeled"
2020-08-12,26.2329166666667,171.675454545455,0.0143,"FCR",50,"modeled"
2020-08-13,25.0166666666667,122.767727272727,0.014,"FCR",50,"modeled"
2020-08-14,23.7704166666667,119.212272727273,0.0137,"FCR",50,"modeled"
2020-08-15,19.6545833333333,48.5317391304348,0.0134,"FCR",50,"modeled"
2020-08-16,18.6170833333333,135.485909090909,0.0131,"FCR",50,"modeled"
2020-08-17,22.1320833333333,266.278181818182,0.0129,"FCR",50,"modeled"
2020-08-18,22.7883333333333,236.84,0.0126,"FCR",50,"modeled"
2020-08-19,23.0333333333333,246.795217391304,0.0123,"FCR",50,"modeled"
2020-08-20,22.955,226.224782608696,0.012,"FCR",50,"modeled"
2020-08-21,22.49,94.8817391304348,0.0118,"FCR",50,"modeled"
2020-08-22,23.6595833333333,190.694166666667,0.0115,"FCR",50,"modeled"
2020-08-23,23.8883333333333,228.459130434783,0.0112,"FCR",50,"modeled"
2020-08-24,25.1770833333333,232.458695652174,0.0109,"FCR",50,"modeled"
2020-08-25,26.5033333333333,257.969130434783,0.0107,"FCR",50,"modeled"
2020-08-26,25.8225,235.469166666667,0.0098,"FCR",50,"modeled"
2020-08-27,26.5658333333333,199.69347826087,0.0096,"FCR",50,"modeled"
2020-08-28,27.3691666666667,167.285,0.0094,"FCR",50,"modeled"
2020-08-29,26.2670833333333,162.767826086957,0.0095,"FCR",50,"modeled"
2020-08-30,24.9375,220.730434782609,0.0085,"FCR",50,"modeled"
2020-08-31,20.6291666666667,45.0766666666667,0.0174,"FCR",50,"modeled"
2020-09-01,21.2295833333333,76.554347826087,0.0189,"FCR",50,"modeled"
2020-09-02,26.6016666666667,205.785,0.0194,"FCR",50,"modeled"
2020-09-03,27.40875,226.352173913043,0.0199,"FCR",50,"modeled"
2020-09-04,25.5920833333333,227.575652173913,0.0158,"FCR",50,"modeled"
2020-09-05,22.0345833333333,266.147916666667,0.0117,"FCR",50,"modeled"
2020-09-06,20.91875,246.578333333333,0.0097,"FCR",50,"modeled"
2020-09-07,22.0391666666667,255.789130434783,0.009,"FCR",50,"modeled"
2020-09-08,22.9575,251.570434782609,0.0088,"FCR",50,"modeled"
2020-09-09,23.9320833333333,112.61,0.0088,"FCR",50,"modeled"
2020-09-10,24.2566666666667,143.307826086957,0.0111,"FCR",50,"modeled"
2020-09-11,24.9870833333333,148.925652173913,0.0098,"FCR",50,"modeled"
2020-09-12,22.7691666666667,58.7252173913043,0.0093,"FCR",50,"modeled"
2020-09-13,22.95625,185.444782608696,0.0093,"FCR",50,"modeled"
2020-09-14,23.29,200.415652173913,0.0089,"FCR",50,"modeled"
2020-09-15,17.18625,172.593913043478,0.0077,"FCR",50,"modeled"
2020-09-16,13.86875,153.325652173913,0.0077,"FCR",50,"modeled"
2020-09-17,17.3770833333333,27.3713043478261,0.0164,"FCR",50,"modeled"
2020-09-18,20.0491666666667,194.823913043478,0.0123,"FCR",50,"modeled"
2020-09-19,13.3458333333333,198.00347826087,0.0083,"FCR",50,"modeled"
2020-09-20,11.37375,251.37,0.0074,"FCR",50,"modeled"
2020-09-21,12.5470833333333,245.74347826087,0.0069,"FCR",50,"modeled"
2020-09-22,14.5370833333333,239.126956521739,0.007,"FCR",50,"modeled"
2020-09-23,18.3916666666667,200.751739130435,0.0069,"FCR",50,"modeled"
2020-09-24,18.2558333333333,73.8226086956522,0.0068,"FCR",50,"modeled"
2020-09-25,16.9404166666667,27.2008333333333,0.0155,"FCR",50,"modeled"
2020-09-26,18.78125,159.245416666667,0.0127,"FCR",50,"modeled"
2020-09-27,19.4425,157.156956521739,0.0087,"FCR",50,"modeled"
2020-09-28,19.7695833333333,119.338695652174,0.0086,"FCR",50,"modeled"
2020-09-29,16.6570833333333,20.79625,0.0153,"FCR",50,"modeled"
2020-09-30,14.95875,220.641666666667,0.018,"FCR",50,"modeled"
2020-10-01,18.2279166666667,169.169583333333,0.0092,"FCR",50,"modeled"
2020-10-02,15.3783333333333,215.215,0.0072,"FCR",50,"modeled"
2020-10-03,12.8995833333333,201.295833333333,0.0065,"FCR",50,"modeled"
2020-10-04,14.2545833333333,193.6075,0.0063,"FCR",50,"modeled"
2020-10-05,14.39,213.714583333333,0.0063,"FCR",50,"modeled"
2020-10-06,16.06125,207.24375,0.0061,"FCR",50,"modeled"
2020-10-07,21.9979166666667,199.826666666667,0.0063,"FCR",50,"modeled"
2020-10-08,20.86,202.1625,0.006,"FCR",50,"modeled"
2020-10-09,16.49625,146.536956521739,0.0055,"FCR",50,"modeled"
2020-10-10,18.515,42.0452173913043,0.0068,"FCR",50,"modeled"
2020-10-11,19.7108333333333,28.7408695652174,0.0138,"FCR",50,"modeled"
2020-10-12,21.0829166666667,48.3991304347826,0.0133,"FCR",50,"modeled"
2020-10-13,19.5670833333333,187.984347826087,0.0096,"FCR",50,"modeled"
2020-10-14,17.5679166666667,192.87347826087,0.0079,"FCR",50,"modeled"
2020-10-15,17.6304166666667,157.446086956522,0.0071,"FCR",50,"modeled"
2020-10-16,14.4975,82.5839130434783,0.0069,"FCR",50,"modeled"
2020-10-17,8.91958333333333,196.84,0.0064,"FCR",50,"modeled"
2020-10-18,9.20625,189.27,0.0062,"FCR",50,"modeled"
2020-10-19,12.6825,182.882272727273,0.0064,"FCR",50,"modeled"
2020-10-20,15.4,180.415909090909,0.0066,"FCR",50,"modeled"
2020-10-21,18.01375,182.786363636364,0.0066,"FCR",50,"modeled"
2020-10-22,18.4541666666667,180.668636363636,0.0065,"FCR",50,"modeled"
2020-10-23,18.24625,184.264545454545,0.0064,"FCR",50,"modeled"
2020-10-24,19.00375,123.387272727273,0.0065,"FCR",50,"modeled"
2020-10-25,10.6608333333333,27.615652173913,0.0127,"FCR",50,"modeled"
2020-10-26,13.4816666666667,179.507272727273,0.0083,"FCR",50,"modeled"
2020-10-27,16.155,70.9172727272727,0.0076,"FCR",50,"modeled"
2020-10-28,16.6020833333333,44.3181818181818,0.0072,"FCR",50,"modeled"
2020-10-29,19.4229166666667,58.8881818181818,0.0511,"FCR",50,"modeled"
2020-10-30,11.5133333333333,121.280454545455,0.03,"FCR",50,"modeled"
2020-10-31,6.53375,153.661363636364,0.0181,"FCR",50,"modeled"
2020-11-01,10.1870833333333,130.147391304348,0.0205,"FCR",50,"modeled"
2020-11-02,4.5125,182.834090909091,0.0209,"FCR",50,"modeled"
2020-11-03,9.61291666666667,176.199545454545,0.0173,"FCR",50,"modeled"
2020-11-04,11.3795833333333,164.627826086957,0.0149,"FCR",50,"modeled"
2020-11-05,11.5583333333333,168.290909090909,0.0133,"FCR",50,"modeled"
2020-11-06,13.6820833333333,159.411304347826,0.0119,"FCR",50,"modeled"
2020-11-07,14.6958333333333,162.871818181818,0.0105,"FCR",50,"modeled"
2020-11-08,15.4795833333333,141.945217391304,0.0096,"FCR",50,"modeled"
2020-11-09,16.4645833333333,141.595217391304,0.009,"FCR",50,"modeled"
2020-11-10,18.3720833333333,89.0034782608696,0.0094,"FCR",50,"modeled"
2020-11-11,19.2620833333333,15.7895833333333,0.0596,"FCR",50,"modeled"
2020-11-12,15.3758333333333,16.3873913043478,0.1752,"FCR",50,"modeled"
2020-11-13,13.11125,135.560434782609,0.1558,"FCR",50,"modeled"
2020-11-14,10.2933333333333,136.382608695652,0.1374,"FCR",50,"modeled"
2020-11-15,13.4145833333333,20.5095652173913,0.1317,"FCR",50,"modeled"
2020-11-16,9.61375,151.827391304348,0.1275,"FCR",50,"modeled"
2020-11-17,6.4625,96.2782608695652,0.126,"FCR",50,"modeled"
2020-11-18,2.81875,147.309565217391,0.1251,"FCR",50,"modeled"
2020-11-19,4.41666666666667,135.19125,0.1185,"FCR",50,"modeled"
2020-11-20,11.2625,141.088260869565,0.1101,"FCR",50,"modeled"
2020-11-21,14.1529166666667,130.245217391304,0.0977,"FCR",50,"modeled"
2020-11-22,13.54125,76.89,0.0811,"FCR",50,"modeled"
2020-11-23,7.74375,133.04375,0.0696,"FCR",50,"modeled"
2020-11-24,5.24041666666667,109.482083333333,0.058,"FCR",50,"modeled"
2020-11-25,7.83791666666667,48.6426086956522,0.0486,"FCR",50,"modeled"
2020-11-26,13.1708333333333,125.809166666667,0.0436,"FCR",50,"modeled"
2020-11-27,9.88666666666667,115.058695652174,0.04,"FCR",50,"modeled"
2020-11-28,9.28958333333333,130.215652173913,0.0371,"FCR",50,"modeled"
2020-11-29,7.62375,100.55125,0.0342,"FCR",50,"modeled"
2020-11-30,7.45625,56.1665217391304,0.0643,"FCR",50,"modeled"
2020-12-01,0.9,58.9086956521739,0.0652,"FCR",50,"modeled"
2020-12-02,2.38541666666667,127.34125,0.0537,"FCR",50,"modeled"
2020-12-03,5.01083333333333,118.782916666667,0.0467,"FCR",50,"modeled"
2020-12-04,8.12625,35.7279166666667,0.0433,"FCR",50,"modeled"
2020-12-05,6.09041666666667,40.8891666666667,0.093,"FCR",50,"modeled"
2020-12-06,3.83791666666667,118.984583333333,0.0874,"FCR",50,"modeled"
2020-12-07,1.0525,27.5670833333333,0.0808,"FCR",50,"modeled"
2020-12-08,-0.08375,121.875416666667,0.0744,"FCR",50,"modeled"
2020-12-09,3.80166666666667,88.9195833333333,0.0657,"FCR",50,"modeled"
2020-12-10,8.31791666666667,106.877391304348,0.0576,"FCR",50,"modeled"
2020-12-11,8.11375,119.575217391304,0.0508,"FCR",50,"modeled"
2020-12-12,11.11125,102.108695652174,0.0467,"FCR",50,"modeled"
2020-12-13,11.5491666666667,133.574285714286,0.0441,"FCR",50,"modeled"
2020-12-14,5.61833333333333,54.6468181818182,0.0659,"FCR",50,"modeled"
2020-12-15,0.629166666666667,118.122608695652,0.0772,"FCR",50,"modeled"
2020-12-16,-0.391666666666667,13.4981818181818,0.0772,"FCR",50,"modeled"
2020-12-17,3.03,36.7886363636364,0.0866,"FCR",50,"modeled"
2020-12-18,0.313333333333333,71.5681818181818,0.0828,"FCR",50,"modeled"
2020-12-19,-0.18125,96.0881818181818,0.0756,"FCR",50,"modeled"
2020-12-20,3.91666666666667,103.065217391304,0.0684,"FCR",50,"modeled"
2020-12-21,6.81708333333333,122.391818181818,0.0626,"FCR",50,"modeled"
2020-12-22,5.37541666666667,126.171363636364,0.0549,"FCR",50,"modeled"
2020-12-23,3.94083333333333,119.336363636364,0.0486,"FCR",50,"modeled"
2020-12-24,8.20791666666667,12.3763636363636,0.0445,"FCR",50,"modeled"
2020-12-25,-5.07708333333333,98.8268181818182,0.0859,"FCR",50,"modeled"
2020-12-26,-5.25291666666667,103.012272727273,0.0845,"FCR",50,"modeled"
2020-12-27,0.154583333333333,126.178636363636,0.0697,"FCR",50,"modeled"
2020-12-28,4.80958333333333,81.3831818181818,0.0478,"FCR",50,"modeled"
2020-12-29,2.29375,127.308181818182,0.0471,"FCR",50,"modeled"
2020-12-30,1.51833333333333,120.294545454545,0.0428,"FCR",50,"modeled"
2020-12-31,10.1420833333333,85.8695454545455,0.0343,"FCR",50,"modeled"
