"DateTime","Depth","PHY_TCHLA"
2018-08-06,1.6,4.01
2018-08-07,1.6,4.04
2018-08-08,1.6,6.26
2018-08-09,1.6,8.635
2018-08-10,1.6,10.925
2018-08-11,1.6,13.085
2018-08-12,1.6,15.545
2018-08-13,1.6,13.305
2018-08-14,1.6,9.66
2018-08-15,1.6,8.155
2018-08-16,1.6,6.96
2018-08-17,1.6,6.095
2018-08-18,1.6,6.57
2018-08-19,1.6,7.855
2018-08-20,1.6,8.08
2018-08-27,1.6,12.9
2018-08-28,1.6,12.7
2018-08-29,1.6,11.35
2018-08-30,1.6,9.439999
2018-08-31,1.6,8.8400005
2018-09-01,1.6,7.66
2018-09-02,1.6,7.405
2018-09-03,1.6,5.18
2018-09-04,1.6,3.855
2018-09-05,1.6,3.54
2018-09-06,1.6,3.11
2018-09-07,1.6,3.24
2018-09-08,1.6,3.51
2018-09-09,1.6,5.55
2018-09-10,1.6,8.93
2018-09-11,1.6,8.67
2018-09-12,1.6,7.61
2018-09-13,1.6,7.385
2018-09-14,1.6,7.815
2018-09-15,1.6,7.96
2018-09-16,1.6,8.395
2018-09-17,1.6,9.3
2018-09-18,1.6,9.665
2018-09-19,1.6,9.475
2018-09-20,1.6,8.57
2018-09-21,1.6,8.64
2018-09-22,1.6,4.77
2018-09-23,1.6,6.11
2018-09-24,1.6,5.18
2018-09-25,1.6,2.88
2018-10-01,1.6,5.1
2018-10-02,1.6,5.21
2018-10-03,1.6,4.72
2018-10-04,1.6,3.91
2018-10-05,1.6,4.675
2018-10-06,1.6,5.565
2018-10-07,1.6,5.53
2018-10-08,1.6,4.345
2018-10-09,1.6,4.72
2018-10-10,1.6,5.86
2018-10-11,1.6,5.015
2018-10-12,1.6,3.545
2018-10-13,1.6,3.37
2018-10-14,1.6,3.67
2018-10-15,1.6,2.6
2018-10-16,1.6,3.295
2018-10-17,1.6,3.12
2018-10-18,1.6,3.915
2018-10-19,1.6,4.2
2018-10-20,1.6,5.54
2018-10-21,1.6,4.47
2018-10-22,1.6,5.66
2018-10-23,1.6,7.37
2018-10-24,1.6,5.965
2018-10-25,1.6,5.14
2018-10-26,1.6,4.84
2018-10-27,1.6,4.875
2018-10-28,1.6,3.395
2018-10-29,1.6,4.16
2018-10-30,1.6,4.66
2018-10-31,1.6,3.55
2018-11-01,1.6,3.59
2018-11-02,1.6,4.5
2018-11-03,1.6,4.52
2018-11-04,1.6,3.34
2018-11-05,1.6,3.78
2018-11-06,1.6,6.11
2018-11-07,1.6,3.925
2018-11-08,1.6,3.02
2018-11-09,1.6,2.74
2018-11-10,1.6,2.48
2018-11-11,1.6,2.72
2018-11-12,1.6,3.73
2018-11-13,1.6,3.675
2018-11-14,1.6,4.35
2018-11-15,1.6,4.6
2018-11-16,1.6,3.84
2018-11-17,1.6,2.865
2018-11-18,1.6,3
2018-11-19,1.6,3.23
2018-11-20,1.6,3.44
2018-11-21,1.6,3.89
2018-11-22,1.6,3.97
2018-11-23,1.6,3.395
2018-11-24,1.6,3.52
2018-11-25,1.6,4.365
2018-11-26,1.6,4.68
2018-11-27,1.6,5.22
2018-11-28,1.6,5.94
2018-11-29,1.6,6.09
2018-11-30,1.6,7.74
2018-12-01,1.6,8.3
2018-12-02,1.6,7.09
2018-12-03,1.6,6.68
2018-12-04,1.6,6.49
2018-12-05,1.6,6.71
2018-12-06,1.6,7.03
2018-12-07,1.6,6.48
2018-12-08,1.6,7.18
2018-12-09,1.6,8.09
2018-12-10,1.6,7.36
2018-12-11,1.6,6.81
2018-12-12,1.6,7.37
2018-12-13,1.6,7.825
2018-12-14,1.6,9.07
2018-12-15,1.6,8.96
2018-12-16,1.6,7.2
2018-12-17,1.6,7.33
2018-12-18,1.6,6.05
2018-12-19,1.6,6.49
2018-12-20,1.6,7.355
2018-12-21,1.6,7.265
2018-12-22,1.6,6.755
2018-12-23,1.6,6.24
2018-12-24,1.6,6.17
2018-12-25,1.6,7.22
2018-12-26,1.6,7.06
2018-12-27,1.6,8.0350005
2018-12-28,1.6,9.43
2018-12-29,1.6,8.385
2018-12-30,1.6,9.3
2018-12-31,1.6,9.73
2019-01-01,1.6,10.225
2019-01-02,1.6,9.0050005
2019-01-03,1.6,9.325
2019-01-04,1.6,11.255
2019-01-05,1.6,9.91
2019-01-06,1.6,9.18
2019-01-07,1.6,7.585
2019-01-08,1.6,6.995
2019-01-09,1.6,7
2019-01-10,1.6,7.25
2019-01-11,1.6,6.56
2019-01-12,1.6,6.99
2019-01-13,1.6,8.79
2019-01-14,1.6,8.595
2019-01-15,1.6,8.21
2019-01-16,1.6,7.64
2019-01-17,1.6,8.2800005
2019-01-18,1.6,7.93
2019-01-19,1.6,9.31
2019-01-20,1.6,9.16
2019-01-21,1.6,8.24
2019-01-22,1.6,7.48
2019-01-23,1.6,9.1749995
2019-01-24,1.6,9.165
2019-01-25,1.6,8.1699995
2019-01-26,1.6,8.01
2019-01-27,1.6,8.97
2019-01-28,1.6,8.95
2019-01-29,1.6,10.25
2019-01-30,1.6,9.9149995
2019-01-31,1.6,8.4
2019-02-01,1.6,8.965
2019-02-02,1.6,9.315
2019-02-03,1.6,8.189999
2019-02-04,1.6,8.98
2019-02-05,1.6,7.89
2019-02-06,1.6,8.415
2019-02-07,1.6,8.81
2019-02-08,1.6,7.515
2019-02-09,1.6,8.08
2019-02-10,1.6,8.38
2019-02-11,1.6,8.925
2019-02-12,1.6,8.86
2019-02-13,1.6,8.035
2019-02-14,1.6,7.68
2019-02-15,1.6,8.36
2019-02-16,1.6,7.35
2019-02-17,1.6,7.985
2019-02-18,1.6,7.6
2019-02-19,1.6,7.08
2019-02-20,1.6,8.66
2019-02-21,1.6,7.8
2019-02-22,1.6,7.97
2019-02-23,1.6,10.12
2019-02-24,1.6,8.4
2019-02-25,1.6,8.07
2019-02-26,1.6,9.095
2019-02-27,1.6,8.4
2019-02-28,1.6,9.38
2019-03-01,1.6,0.61
2019-03-02,1.6,0.35
2019-03-03,1.6,0.43
2019-03-04,1.6,0.44
2019-03-05,1.6,0.375
2019-03-06,1.6,0.36
2019-03-07,1.6,0.37
2019-03-08,1.6,0.36
2019-03-09,1.6,0.4
2019-03-10,1.6,0.42
2019-03-11,1.6,0.715
2019-03-12,1.6,0.8
2019-03-13,1.6,0.86
2019-03-14,1.6,1.06
2019-03-15,1.6,1.69
2019-03-16,1.6,2.34
2019-03-17,1.6,2.72
2019-03-18,1.6,3.015
2019-03-19,1.6,3.42
2019-03-20,1.6,3.445
2019-03-21,1.6,2.67
2019-03-22,1.6,3.24
2019-03-23,1.6,2.845
2019-03-24,1.6,3.42
2019-03-25,1.6,3.68
2019-03-26,1.6,4.24
2019-03-27,1.6,4.3
2019-03-28,1.6,3.63
2019-03-29,1.6,3.8
2019-03-30,1.6,3.455
2019-03-31,1.6,3.64
2019-04-01,1.6,3.4
2019-04-02,1.6,3.38
2019-04-03,1.6,3.385
2019-04-04,1.6,2.95
2019-04-05,1.6,2.78
2019-04-06,1.6,2.74
2019-04-07,1.6,3.325
2019-04-08,1.6,2.16
2019-04-09,1.6,2.37
2019-04-10,1.6,2.5
2019-04-11,1.6,3.275
2019-04-12,1.6,4.67
2019-04-13,1.6,4.7
2019-04-14,1.6,6.825
2019-04-15,1.6,6.17
2019-04-16,1.6,6.66
2019-04-17,1.6,6.21
2019-04-18,1.6,6.51
2019-04-19,1.6,7.87
2019-04-20,1.6,7.855
2019-04-21,1.6,6.37
2019-04-22,1.6,5.08
2019-04-23,1.6,4.335
2019-04-24,1.6,3.985
2019-04-25,1.6,3.66
2019-04-26,1.6,3.49
2019-04-27,1.6,2.18
2019-04-28,1.6,1.705
2019-04-29,1.6,1.81
2019-04-30,1.6,1.64
2019-05-01,1.6,1.45
2019-05-02,1.6,1.83
2019-05-03,1.6,2.38
2019-05-04,1.6,2.84
2019-05-05,1.6,3.08
2019-05-06,1.6,3.11
2019-05-07,1.6,3.235
2019-05-08,1.6,3.06
2019-05-09,1.6,3.6
2019-05-10,1.6,4.455
2019-05-11,1.6,4.46
2019-05-12,1.6,5.645
2019-05-13,1.6,5.41
2019-05-14,1.6,5.28
2019-05-15,1.6,4.55
2019-05-16,1.6,3.85
2019-05-17,1.6,3.765
2019-05-18,1.6,3.29
2019-05-19,1.6,3.06
2019-05-20,1.6,3.165
2019-05-21,1.6,3.29
2019-05-22,1.6,2.93
2019-05-23,1.6,2.875
2019-05-24,1.6,3.75
2019-05-25,1.6,3.43
2019-05-26,1.6,2.97
2019-05-27,1.6,2.87
2019-05-28,1.6,2.76
2019-05-29,1.6,2.545
2019-05-30,1.6,2.48
2019-05-31,1.6,2.52
2019-06-01,1.6,2.515
2019-06-02,1.6,2.69
2019-06-03,1.6,2.62
2019-06-04,1.6,3
2019-06-05,1.6,3.34
2019-06-06,1.6,3.84
2019-06-07,1.6,3.73
2019-06-08,1.6,3.3
2019-06-09,1.6,3.38
2019-06-10,1.6,3.025
2019-06-11,1.6,2.81
2019-06-12,1.6,3.255
2019-06-13,1.6,3.52
2019-06-14,1.6,3.125
2019-06-15,1.6,2.76
2019-06-16,1.6,3
2019-06-17,1.6,3.1
2019-06-18,1.6,3.49
2019-06-19,1.6,3.945
2019-06-20,1.6,5.39
2019-06-21,1.6,4.28
2019-06-22,1.6,4.165
2019-06-23,1.6,4.5
2019-06-24,1.6,3.83
2019-06-25,1.6,4.295
2019-06-26,1.6,3.94
2019-06-27,1.6,3.47
2019-06-28,1.6,4.45
2019-06-29,1.6,4.27
2019-06-30,1.6,5.315
2019-07-01,1.6,6.2
2019-07-02,1.6,5.365
2019-07-03,1.6,7.79
2019-07-04,1.6,8.479999
2019-07-05,1.6,9.97
2019-07-06,1.6,9.5
2019-07-07,1.6,9.79
2019-07-08,1.6,7
2019-07-09,1.6,7.715
2019-07-10,1.6,6
2019-07-11,1.6,6.135
2019-07-12,1.6,6.615
2019-07-13,1.6,8.095
2019-07-14,1.6,8.93
2019-07-15,1.6,11.78
2019-07-16,1.6,14.205
2019-07-17,1.6,20.01
2019-07-18,1.6,22.045
2019-07-19,1.6,24.03
2019-07-20,1.6,27.33
2019-07-21,1.6,30.785
2019-07-22,1.6,30.695
2019-07-23,1.6,38.105
2019-07-24,1.6,35.48
2019-07-25,1.6,38.06
2019-07-26,1.6,37.88
2019-07-27,1.6,38.69
2019-07-28,1.6,35.95
2019-07-29,1.6,33.72
2019-07-30,1.6,36.635
2019-07-31,1.6,35.16
2019-08-01,1.6,37.57
2019-08-02,1.6,31.47
2019-08-03,1.6,25.59
2019-08-04,1.6,19.11
2019-08-05,1.6,16.695
2019-08-06,1.6,11.86
2019-08-07,1.6,11.43
2019-08-08,1.6,9.595
2019-08-09,1.6,10.56
2019-08-10,1.6,10.74
2019-08-11,1.6,11.67
2019-08-12,1.6,13.59
2019-08-13,1.6,16.85
2019-08-14,1.6,14.37
2019-08-15,1.6,13.44
2019-08-16,1.6,14.965
2019-08-17,1.6,13.42
2019-08-18,1.6,12.5
2019-08-19,1.6,11.48
2019-08-20,1.6,10.88
2019-08-21,1.6,8.9449995
2019-08-22,1.6,9.015
2019-08-23,1.6,7.545
2019-08-24,1.6,8.05
2019-08-25,1.6,6.96
2019-08-26,1.6,6.025
2019-08-27,1.6,5.88
2019-08-28,1.6,5.09
2019-08-29,1.6,4.785
2019-08-30,1.6,4.47
2019-08-31,1.6,4.29
2019-09-01,1.6,4.605
2019-09-02,1.6,4.57
2019-09-03,1.6,3.88
2019-09-04,1.6,4.48
2019-09-05,1.6,4.375
2019-09-06,1.6,3.03
2019-09-07,1.6,4.25
2019-09-08,1.6,4.28
2019-09-09,1.6,6.19
2019-09-10,1.6,4.89
2019-09-11,1.6,2.84
2019-09-12,1.6,2.81
2019-09-13,1.6,3.275
2019-09-14,1.6,3.415
2019-09-15,1.6,3.23
2019-09-16,1.6,2.47
2019-09-17,1.6,2.225
2019-09-18,1.6,2.95
2019-09-19,1.6,2.96
2019-09-20,1.6,3.72
2019-09-21,1.6,4.27
2019-09-22,1.6,4.26
2019-09-23,1.6,4.33
2019-09-24,1.6,4.86
2019-09-25,1.6,4.87
2019-09-26,1.6,5.41
2019-09-27,1.6,4.56
2019-09-28,1.6,4.6
2019-09-29,1.6,3.18
2019-09-30,1.6,2.78
2019-10-01,1.6,2.3
2019-10-02,1.6,1.75
2019-10-03,1.6,3.015
2019-10-04,1.6,2.34
2019-10-05,1.6,3.99
2019-10-06,1.6,3.695
2019-10-07,1.6,4.02
2019-10-08,1.6,4.75
2019-10-09,1.6,4.14
2019-10-10,1.6,4.165
2019-10-11,1.6,4.04
2019-10-12,1.6,3.705
2019-10-13,1.6,3.8
2019-10-14,1.6,3.935
2019-10-15,1.6,4.05
2019-10-16,1.6,4.545
2019-10-17,1.6,4.17
2019-10-18,1.6,3.945
2019-10-19,1.6,3.555
2019-10-20,1.6,3.965
2019-10-21,1.6,4.4
2019-10-22,1.6,5.29
2019-10-23,1.6,4.98
2019-10-24,1.6,4.085
2019-10-25,1.6,4.795
2019-10-26,1.6,6.15
2019-10-27,1.6,7.81
2019-10-28,1.6,7.255
2019-10-29,1.6,6.45
2019-10-30,1.6,4.64
2019-10-31,1.6,3.66
2019-11-01,1.6,4.75
2019-11-02,1.6,3.16
2019-11-03,1.6,3.52
2019-11-04,1.6,3.64
2019-11-05,1.6,3.995
2019-11-06,1.6,4.29
2019-11-07,1.6,4.62
2019-11-08,1.6,4.61
2019-11-09,1.6,5.135
2019-11-10,1.6,4.94
2019-11-11,1.6,5.36
2019-11-12,1.6,5.74
2019-11-13,1.6,6.165
2019-11-14,1.6,5.79
2019-11-15,1.6,5.75
2019-11-16,1.6,5.29
2019-11-17,1.6,5.485
2019-11-18,1.6,6.05
2019-11-19,1.6,5.265
2019-11-20,1.6,5.455
2019-11-21,1.6,5.485
2019-11-22,1.6,5.98
2019-11-23,1.6,5.9
2019-11-24,1.6,5.395
2019-11-25,1.6,5.23
2019-11-26,1.6,5.21
2019-11-27,1.6,5.95
2019-11-28,1.6,5.55
2019-11-29,1.6,6.015
2019-11-30,1.6,6.07
2019-12-01,1.6,5.945
2019-12-02,1.6,5.97
2019-12-03,1.6,5.6
2019-12-04,1.6,6.07
2019-12-05,1.6,6.05
2019-12-06,1.6,5.82
2019-12-07,1.6,6.05
2019-12-08,1.6,5.69
2019-12-09,1.6,5.94
2019-12-10,1.6,6.2
2019-12-11,1.6,6.3
2019-12-12,1.6,6.25
2019-12-13,1.6,6.21
2019-12-14,1.6,6.19
2019-12-15,1.6,5.89
2019-12-16,1.6,6.165
2019-12-17,1.6,6.2
2019-12-18,1.6,6.47
2019-12-19,1.6,5.885
2019-12-20,1.6,5.83
2019-12-21,1.6,5.43
2019-12-22,1.6,6.355
2019-12-23,1.6,6.69
2019-12-24,1.6,6.54
2019-12-25,1.6,6.565
2019-12-26,1.6,6.48
2019-12-27,1.6,6.725
2019-12-28,1.6,7.23
2019-12-29,1.6,7.26
2019-12-30,1.6,8.01
2019-12-31,1.6,8.05
2020-01-01,1.6,7.845
2020-01-02,1.6,8.36
2020-01-03,1.6,8.5500005
2020-01-04,1.6,9.01
2020-01-05,1.6,8.72
2020-01-06,1.6,7.54
2020-01-07,1.6,7.69
2020-01-08,1.6,7.795
2020-01-09,1.6,7.37
2020-01-10,1.6,7.43
2020-01-11,1.6,8.57
2020-01-12,1.6,7.43
2020-01-13,1.6,7.72
2020-01-14,1.6,8.45
2020-01-15,1.6,9.27
2020-01-16,1.6,8.715
2020-01-17,1.6,7.845
2020-01-18,1.6,7.59
2020-01-19,1.6,7.83
2020-01-20,1.6,7.42
2020-01-21,1.6,7.41
2020-01-22,1.6,6.81
2020-01-23,1.6,6.73
2020-01-24,1.6,7.53
2020-01-25,1.6,7.305
2020-01-26,1.6,7.61
2020-01-27,1.6,7.61
2020-01-28,1.6,7.665
2020-01-29,1.6,7.13
2020-01-30,1.6,7.17
2020-01-31,1.6,8.21
2020-02-01,1.6,8.295
2020-02-02,1.6,8.71
2020-02-03,1.6,8.310001
2020-02-04,1.6,8.8
2020-02-05,1.6,9.23
2020-02-06,1.6,9.270001
2020-02-07,1.6,7.54
2020-02-08,1.6,7.825
2020-02-09,1.6,7.96
2020-02-10,1.6,8.49
2020-02-11,1.6,9.565
2020-02-12,1.6,8.7
2020-02-13,1.6,10.86
2020-02-14,1.6,9.689999
2020-02-15,1.6,8.22
2020-02-16,1.6,8.285
2020-02-17,1.6,8.810001
2020-02-18,1.6,9.75
2020-02-19,1.6,9.29
2020-02-20,1.6,9.77
2020-02-21,1.6,9.365
2020-02-22,1.6,10.25
2020-02-23,1.6,10.15
2020-02-24,1.6,10.785
2020-02-25,1.6,10.8
2020-02-26,1.6,11.3
2020-02-27,1.6,10.86
2020-02-28,1.6,10.52
2020-02-29,1.6,9.0850005
2020-03-01,1.6,8.92
2020-03-02,1.6,11.39
2020-03-03,1.6,11.305
2020-03-04,1.6,11.21
2020-03-05,1.6,9.8
2020-03-06,1.6,10.73
2020-03-07,1.6,7.71
2020-03-08,1.6,7.455
2020-03-09,1.6,9.05
2020-03-10,1.6,9.229999
2020-03-11,1.6,7.355
2020-03-12,1.6,7.7
2020-03-13,1.6,9.51
2020-03-14,1.6,11.415
2020-03-15,1.6,12.12
2020-03-16,1.6,13.43
2020-03-17,1.6,11.96
2020-03-18,1.6,11.64
2020-03-19,1.6,10.39
2020-03-20,1.6,7.38
2020-03-21,1.6,9.33
2020-03-22,1.6,16.93
2020-03-23,1.6,14.28
2020-03-24,1.6,17.195
2020-03-25,1.6,20.765
2020-03-26,1.6,13.89
2020-03-27,1.6,13.53
2020-03-28,1.6,10.285
2020-03-29,1.6,16.095
2020-03-30,1.6,19.25
2020-03-31,1.6,20.73
2020-04-01,1.6,20.95
2020-04-02,1.6,16.54
2020-04-03,1.6,17.2
2020-04-04,1.6,15.305
2020-04-05,1.6,13.775
2020-04-06,1.6,14.485
2020-04-07,1.6,16.565
2020-04-08,1.6,18.025
2020-04-09,1.6,16.21
2020-04-10,1.6,15.43
2020-04-11,1.6,15.99
2020-04-12,1.6,19.035
2020-04-13,1.6,22.155
2020-04-14,1.6,17.68
2020-04-15,1.6,19.62
2020-04-16,1.6,20.94
2020-04-17,1.6,17.07
2020-04-18,1.6,15.5
2020-04-19,1.6,17.495
2020-04-20,1.6,15.64
2020-04-21,1.6,15.84
2020-04-22,1.6,14.5
2020-04-23,1.6,17.565
2020-04-24,1.6,17.61
2020-04-25,1.6,13.045
2020-04-26,1.6,12.6
2020-04-27,1.6,7.61
2020-04-28,1.6,7.73
2020-04-29,1.6,6.02
2020-04-30,1.6,4.83
2020-05-01,1.6,4.76
2020-05-02,1.6,4.51
2020-05-03,1.6,4.93
2020-05-04,1.6,4.165
2020-05-05,1.6,4.92
2020-05-06,1.6,4.875
2020-05-07,1.6,3.86
2020-05-08,1.6,4.685
2020-05-09,1.6,4.23
2020-05-10,1.6,4.01
2020-05-11,1.6,3.27
2020-05-12,1.6,3.255
2020-05-13,1.6,4.155
2020-05-14,1.6,3.435
2020-05-15,1.6,3.125
2020-05-16,1.6,3.42
2020-05-17,1.6,3.905
2020-05-18,1.6,5.09
2020-05-19,1.6,6.25
2020-05-20,1.6,8.04
2020-05-21,1.6,6.92
2020-05-22,1.6,5.735
2020-05-23,1.6,5.205
2020-05-24,1.6,6.89
2020-05-25,1.6,7.38
2020-05-26,1.6,7.29
2020-05-27,1.6,8.58
2020-05-28,1.6,9.520001
2020-05-29,1.6,8.58
2020-05-30,1.6,7.51
2020-05-31,1.6,6.2
2020-06-01,1.6,5.72
2020-06-02,1.6,5.825
2020-06-03,1.6,5.82
2020-06-04,1.6,5.465
2020-06-05,1.6,5.95
2020-06-06,1.6,6.33
2020-06-07,1.6,5.44
2020-06-08,1.6,5.79
2020-06-09,1.6,6.125
2020-06-10,1.6,6.79
2020-06-11,1.6,9.689999
2020-06-12,1.6,4
2020-06-13,1.6,4.955
2020-06-14,1.6,5.945
2020-06-15,1.6,6.49
2020-06-16,1.6,6.88
2020-06-17,1.6,5.855
2020-06-18,1.6,10.23
2020-06-19,1.6,10.76
2020-06-20,1.6,8.0150005
2020-06-21,1.6,7.04
2020-06-22,1.6,5.99
2020-06-23,1.6,5.36
2020-06-24,1.6,5.37
2020-06-25,1.6,4.45
2020-06-26,1.6,4.79
2020-06-27,1.6,4.34
2020-06-28,1.6,5.2
2020-06-29,1.6,4.28
2020-06-30,1.6,4.76
2020-07-01,1.6,4.265
2020-07-02,1.6,4.19
2020-07-03,1.6,4.375
2020-07-04,1.6,4.39
2020-07-05,1.6,4.55
2020-07-06,1.6,4.54
2020-07-07,1.6,4.87
2020-07-08,1.6,4.93
2020-07-09,1.6,5.7
2020-07-10,1.6,5.92
2020-07-11,1.6,5.425
2020-07-12,1.6,4.565
2020-07-13,1.6,3.92
2020-07-14,1.6,4.16
2020-07-15,1.6,4.84
2020-07-16,1.6,5.88
2020-07-17,1.6,5.6
2020-07-18,1.6,4.44
2020-07-19,1.6,4.84
2020-07-20,1.6,5.595
2020-07-21,1.6,6.51
2020-07-22,1.6,4.25
2020-07-23,1.6,4.96
2020-07-24,1.6,3.915
2020-07-25,1.6,4.28
2020-07-26,1.6,4.495
2020-07-27,1.6,4.42
2020-07-28,1.6,4.32
2020-07-29,1.6,4.27
2020-07-30,1.6,3.89
2020-07-31,1.6,4.06
2020-08-01,1.6,3.5
2020-08-02,1.6,3.79
2020-08-03,1.6,4.075
2020-08-04,1.6,3.97
2020-08-05,1.6,4.01
2020-08-06,1.6,3.95
2020-08-07,1.6,5.76
2020-08-08,1.6,7.055
2020-08-09,1.6,6.125
2020-08-10,1.6,6.37
2020-08-11,1.6,6.75
2020-08-12,1.6,6.58
2020-08-13,1.6,7.13
2020-08-14,1.6,6.15
2020-08-15,1.6,7.075
2020-08-16,1.6,6.31
2020-08-17,1.6,5.415
2020-08-18,1.6,5.995
2020-08-19,1.6,5.75
2020-08-20,1.6,6.14
2020-08-21,1.6,7.53
2020-08-22,1.6,7.685
2020-08-23,1.6,6.25
2020-08-24,1.6,7.36
2020-08-25,1.6,7.915
2020-08-26,1.6,8.79
2020-08-27,1.6,9.15
2020-08-28,1.6,9.91
2020-08-29,1.6,9.59
2020-08-30,1.6,7.975
2020-08-31,1.6,8.2349995
2020-09-01,1.6,8.04
2020-09-02,1.6,8.64
2020-09-03,1.6,9.905
2020-09-04,1.6,12.38
2020-09-05,1.6,12.17
2020-09-06,1.6,13.06
2020-09-07,1.6,13.365
2020-09-08,1.6,11.99
2020-09-09,1.6,10.39
2020-09-10,1.6,9.4299995
2020-09-11,1.6,8.05
2020-09-12,1.6,7.94
2020-09-13,1.6,11.67
2020-09-14,1.6,10.7
2020-09-15,1.6,10.68
2020-09-16,1.6,12.99
2020-09-17,1.6,12.505
2020-09-18,1.6,10
2020-09-19,1.6,9.075
2020-09-20,1.6,7.95
2020-09-21,1.6,7.17
2020-09-22,1.6,7.06
2020-09-23,1.6,6.525
2020-09-24,1.6,6.57
2020-09-25,1.6,6.75
2020-09-26,1.6,6.1
2020-09-27,1.6,6.095
2020-09-28,1.6,6.605
2020-09-29,1.6,6.77
2020-09-30,1.6,5.01
2020-10-01,1.6,5.61
2020-10-02,1.6,5.535
2020-10-03,1.6,5.06
2020-10-04,1.6,5.16
2020-10-05,1.6,5.26
2020-10-06,1.6,5.145
2020-10-07,1.6,5.32
2020-10-08,1.6,5.76
2020-10-09,1.6,6.4
2020-10-10,1.6,7.085
2020-10-11,1.6,8.84
2020-10-12,1.6,8.9649995
2020-10-13,1.6,8.56
2020-10-14,1.6,5.76
2020-10-15,1.6,4.14
2020-10-16,1.6,6.495
2020-10-17,1.6,6.175
2020-10-18,1.6,5.405
2020-10-19,1.6,6.45
2020-10-20,1.6,7.65
2020-10-21,1.6,7.01
2020-10-22,1.6,8.7
2020-10-23,1.6,17.12
2020-10-24,1.6,21.155
2020-10-25,1.6,25.63
2020-10-26,1.6,16.89
2020-10-27,1.6,14.785
2020-10-28,1.6,22.26
2020-10-29,1.6,22.1
2020-10-30,1.6,14.36
2020-10-31,1.6,10.99
2020-11-01,1.6,9.85
2020-11-02,1.6,7.935
2020-11-03,1.6,8.61
2020-11-04,1.6,9.86
2020-11-05,1.6,10.785
2020-11-06,1.6,10.82
2020-11-07,1.6,9.99
2020-11-08,1.6,11.85
2020-11-09,1.6,22.485
2020-11-10,1.6,27.38
2020-11-11,1.6,36.53
2020-11-12,1.6,30.15
2020-11-13,1.6,15.045
2020-11-14,1.6,12.24
2020-11-15,1.6,10.28
2020-11-16,1.6,8.97
2020-11-17,1.6,8.229999
2020-11-18,1.6,8.13
2020-11-19,1.6,7.97
2020-11-20,1.6,8.8
2020-11-21,1.6,8.005
2020-11-22,1.6,10.69
2020-11-23,1.6,9.285
2020-11-24,1.6,8.765
2020-11-25,1.6,9.1
2020-11-26,1.6,9.385
2020-11-27,1.6,7.29
2020-11-28,1.6,6.96
2020-11-29,1.6,7.61
2020-11-30,1.6,6.805
2020-12-01,1.6,7.11
2020-12-02,1.6,7.01
2020-12-27,1.6,9.87
2020-12-28,1.6,9.44
2020-12-29,1.6,9.465
2020-12-30,1.6,9.97
2020-12-31,1.6,10.55
2021-01-01,1.6,11.235
2021-01-02,1.6,10.31
2021-01-03,1.6,9.97
2021-01-04,1.6,10.9
2021-01-05,1.6,11.42
2021-01-06,1.6,11.56
2021-01-07,1.6,10.96
2021-01-08,1.6,11.77
2021-01-09,1.6,12.585
2021-01-10,1.6,12.11
2021-01-11,1.6,12.265
2021-01-12,1.6,12.735
2021-01-13,1.6,12.985
2021-01-14,1.6,13.155
2021-01-15,1.6,14.18
2021-01-16,1.6,14.5
2021-01-17,1.6,15.045
2021-01-18,1.6,15.77
2021-01-19,1.6,15.045
2021-01-20,1.6,15.15
2021-01-21,1.6,14.13
2021-01-22,1.6,14.905
2021-01-23,1.6,14.47
2021-01-24,1.6,14.715
2021-01-25,1.6,14.69
2021-01-26,1.6,15.15
2021-01-27,1.6,14.88
2021-01-28,1.6,14.7
2021-01-29,1.6,14.01
2021-01-30,1.6,14.26
2021-01-31,1.6,15.3
2021-02-01,1.6,15.135
2021-02-02,1.6,15.32
2021-02-03,1.6,16.405
2021-02-04,1.6,16.125
2021-02-05,1.6,17.16
2021-02-06,1.6,18.81
2021-02-07,1.6,19.32
2021-02-08,1.6,19.085
2021-02-09,1.6,20.39
2021-02-10,1.6,22.035
2021-02-11,1.6,23.03
2021-02-12,1.6,25.805
2021-02-13,1.6,25.895
2021-02-14,1.6,25.24
2021-02-15,1.6,23.935
2021-02-16,1.6,24.18
2021-02-17,1.6,23.075
2021-02-18,1.6,23.63
2021-02-19,1.6,22.61
2021-02-20,1.6,22.2
2021-02-21,1.6,22.76
2021-02-22,1.6,24.515
2021-02-23,1.6,23.63
2021-02-24,1.6,24.76
2021-02-25,1.6,21.87
2021-02-26,1.6,24.85
2021-02-27,1.6,26.61
2021-02-28,1.6,27.51
2021-03-01,1.6,28.84
2021-03-02,1.6,27.98
2021-03-03,1.6,23.15
2021-03-04,1.6,22.96
2021-03-05,1.6,24.43
2021-03-06,1.6,23.51
2021-03-07,1.6,23.04
2021-03-08,1.6,21.49
2021-03-09,1.6,20.62
2021-03-10,1.6,18.64
2021-03-11,1.6,17.725
2021-03-12,1.6,18.33
2021-03-13,1.6,16.005
2021-03-14,1.6,15.32
2021-03-15,1.6,18.26
2021-03-16,1.6,22.215
2021-03-17,1.6,16.46
2021-03-18,1.6,16.425
2021-03-19,1.6,13.52
2021-03-20,1.6,14.66
2021-03-21,1.6,11.91
2021-03-22,1.6,11.85
2021-03-23,1.6,15.41
2021-03-24,1.6,16.11
2021-03-25,1.6,17.41
2021-03-26,1.6,15.2
2021-03-27,1.6,14.57
2021-03-28,1.6,18.91
2021-03-29,1.6,15.06
2021-03-30,1.6,14.045
2021-03-31,1.6,15.92
2021-04-01,1.6,16.03
2021-04-02,1.6,17.21
2021-04-03,1.6,18.4
2021-04-04,1.6,14.82
2021-04-05,1.6,14.975
2021-04-06,1.6,13.285
2021-04-07,1.6,15.26
2021-04-08,1.6,15.36
2021-04-09,1.6,16.515
2021-04-10,1.6,17.22
2021-04-11,1.6,16.23
2021-04-12,1.6,14.465
2021-04-13,1.6,14.29
2021-04-14,1.6,14.61
2021-04-15,1.6,14.07
2021-04-16,1.6,12.305
2021-04-17,1.6,12.75
2021-04-18,1.6,11.7
2021-04-19,1.6,13.6
2021-04-20,1.6,13.76
2021-04-21,1.6,12.37
2021-04-22,1.6,13.785
2021-04-23,1.6,14.045
2021-04-24,1.6,15.43
2021-04-25,1.6,14.255
2021-04-26,1.6,14.8
2021-04-27,1.6,12.96
2021-04-28,1.6,11.475
2021-04-29,1.6,10.18
2021-04-30,1.6,9.835
2021-05-01,1.6,10.04
2021-05-02,1.6,9.11
2021-05-03,1.6,11.115
2021-05-04,1.6,10.34
2021-05-05,1.6,9.87
2021-05-06,1.6,7.7
2021-05-07,1.6,7.46
2021-05-08,1.6,6.625
2021-05-09,1.6,6.625
2021-05-10,1.6,5.6
2021-05-11,1.6,6.08
2021-05-12,1.6,5.215
2021-05-13,1.6,5.695
2021-05-14,1.6,5.345
2021-05-15,1.6,4.955
2021-05-16,1.6,6.45
2021-05-17,1.6,6.705
2021-05-18,1.6,5.965
2021-05-19,1.6,5.55
2021-05-20,1.6,5.58
2021-05-21,1.6,4.965
2021-05-22,1.6,4.7
2021-05-23,1.6,4.795
2021-05-24,1.6,6.5
2021-05-25,1.6,8.25
2021-05-26,1.6,11.15
2021-05-27,1.6,14.375
2021-05-28,1.6,17.47
2021-05-29,1.6,17.79
2021-05-30,1.6,12.815
2021-05-31,1.6,14.12
2021-06-01,1.6,17.73
2021-06-02,1.6,17.01
2021-06-03,1.6,15.315
2021-06-04,1.6,12.02
2021-06-05,1.6,9.1
2021-06-06,1.6,7.32
2021-06-07,1.6,5.025
2021-06-08,1.6,4.24
2021-06-09,1.6,3.015
2021-06-10,1.6,2.255
2021-06-11,1.6,1.76
2021-06-12,1.6,1.33
2021-06-13,1.6,1.55
2021-06-14,1.6,1.18
2021-06-15,1.6,1.26
2021-06-18,1.6,1.83
2021-06-19,1.6,2.19
2021-06-20,1.6,3.735
2021-06-21,1.6,3.98
2021-06-22,1.6,3.74
2021-06-23,1.6,2.56
2021-06-24,1.6,2.465
2021-06-25,1.6,3.35
2021-06-26,1.6,4.15
2021-06-27,1.6,5.465
2021-06-28,1.6,4.3
2021-06-29,1.6,4.225
2021-06-30,1.6,3.925
2021-07-01,1.6,3.735
2021-07-02,1.6,5
2021-07-03,1.6,5.07
2021-07-04,1.6,4.755
2021-07-05,1.6,5.83
2021-07-06,1.6,5.515
2021-07-07,1.6,4.9
2021-07-08,1.6,5.29
2021-07-09,1.6,6.195
2021-07-10,1.6,7.865
2021-07-11,1.6,8.5300005
2021-07-12,1.6,9.96
2021-07-13,1.6,9.64
2021-07-14,1.6,7.92
2021-07-15,1.6,7.6
2021-07-16,1.6,8.53
2021-07-17,1.6,9.645
2021-07-18,1.6,12.06
2021-07-19,1.6,12.325
2021-07-20,1.6,14.18
2021-07-21,1.6,15.63
2021-07-22,1.6,14.19
2021-07-23,1.6,9.1
2021-07-24,1.6,7.78
2021-07-25,1.6,6.48
2021-07-26,1.6,8.51
2021-07-27,1.6,9.1449995
2021-07-28,1.6,11.94
2021-07-29,1.6,16.115
2021-07-30,1.6,17.07
2021-07-31,1.6,14.765
2021-08-01,1.6,10.18
2021-08-02,1.6,8.76
2021-08-03,1.6,6.97
2021-08-04,1.6,5.59
2021-08-05,1.6,4.935
2021-08-06,1.6,5.035
2021-08-07,1.6,7.74
2021-08-08,1.6,7.525
2021-08-09,1.6,8.310001
2021-08-10,1.6,9.8
2021-08-11,1.6,11.825
2021-08-12,1.6,12.21
2021-08-13,1.6,12.77
2021-08-14,1.6,12.725
2021-08-15,1.6,14.245
2021-08-16,1.6,18.745
2021-08-17,1.6,18.52
2021-08-18,1.6,18.21
2021-08-19,1.6,15.58
2021-08-20,1.6,12.325
2021-08-21,1.6,10.63
2021-08-22,1.6,9.12
2021-08-23,1.6,8.2800005
2021-08-24,1.6,7.62
2021-08-25,1.6,8.7200005
2021-08-26,1.6,9.7
2021-08-27,1.6,11.17
2021-08-28,1.6,9.145
2021-08-29,1.6,10.11
2021-08-30,1.6,9.020001
2021-08-31,1.6,8.16
2021-09-01,1.6,8.16
2021-09-02,1.6,7.285
2021-09-03,1.6,7.635
2021-09-04,1.6,7.77
2021-09-05,1.6,7.89
2021-09-06,1.6,6.76
2021-09-07,1.6,5.87
2021-09-08,1.6,5.87
2021-09-09,1.6,4.75
2021-09-10,1.6,4.485
2021-09-11,1.6,5.18
2021-09-12,1.6,5.735
2021-09-13,1.6,6.175
2021-09-14,1.6,6.775
2021-09-15,1.6,6.74
2021-09-16,1.6,7.425
2021-09-17,1.6,6.19
2021-09-18,1.6,5.42
2021-09-19,1.6,5.63
2021-09-20,1.6,6.95
2021-09-21,1.6,7.045
2021-09-22,1.6,13.03
2021-09-23,1.6,8.7800005
2021-09-24,1.6,8.49
2021-09-25,1.6,9.54
2021-09-26,1.6,10.75
2021-09-27,1.6,9.8899995
2021-09-28,1.6,8.43
2021-09-29,1.6,7.28
2021-09-30,1.6,6.71
2021-10-01,1.6,6.62
2021-10-02,1.6,7.115
2021-10-03,1.6,7.39
2021-10-04,1.6,7.035
2021-10-05,1.6,7.725
2021-10-06,1.6,7.8
2021-10-07,1.6,8.939999
2021-10-08,1.6,8.78
2021-10-09,1.6,10.68
2021-10-10,1.6,10.89
2021-10-11,1.6,11.88
2021-10-12,1.6,12.46
2021-10-13,1.6,11.51
2021-10-14,1.6,9.8
2021-10-15,1.6,9.385
2021-10-16,1.6,9.45
2021-10-17,1.6,9.52
2021-10-18,1.6,10.015
2021-10-19,1.6,10.26
2021-10-20,1.6,9.42
2021-10-21,1.6,9.189999
2021-10-22,1.6,8.8
2021-10-23,1.6,9.479999
2021-10-24,1.6,9.11
2021-10-25,1.6,9.385
2021-10-26,1.6,10.46
2021-10-27,1.6,9.96
2021-10-28,1.6,9.729999
2021-10-29,1.6,11.165
2021-10-30,1.6,13.6
2021-10-31,1.6,14.03
2021-11-01,1.6,14.39
2021-11-02,1.6,12.8
2021-11-03,1.6,12.465
2021-11-04,1.6,10.345
2021-11-05,1.6,11.965
2021-11-06,1.6,12.37
2021-11-07,1.6,13.63
2021-11-08,1.6,16.05
2021-11-09,1.6,17.025
2021-11-10,1.6,16.955
2021-11-11,1.6,22.51
2021-11-12,1.6,22.38
2021-11-13,1.6,19.395
2021-11-14,1.6,20.13
2021-11-15,1.6,20.215
2021-11-16,1.6,24.45
2021-11-17,1.6,16.46
2021-11-18,1.6,12.63
2021-11-19,1.6,19
2021-11-20,1.6,18.62
2021-11-21,1.6,23
2021-11-22,1.6,24.465
2021-11-23,1.6,19.51
2021-11-24,1.6,18.185
2021-11-25,1.6,16.435
2021-11-26,1.6,15.88
2021-11-27,1.6,18.17
2021-11-28,1.6,22.4
2021-11-29,1.6,20.42
2021-11-30,1.6,17.98
2021-12-01,1.6,18.52
2021-12-02,1.6,15.97
2021-12-03,1.6,7.78
2021-12-04,1.6,4.34
2021-12-05,1.6,12.025
2021-12-06,1.6,17.38
2021-12-07,1.6,13.235
2021-12-08,1.6,13.17
2021-12-09,1.6,11.28
2021-12-10,1.6,14.95
2021-12-11,1.6,14.13
2021-12-12,1.6,13.28
2021-12-13,1.6,12.24
2021-12-14,1.6,15.49
2021-12-15,1.6,16.04
2021-12-16,1.6,12.215
2021-12-17,1.6,12.41
2021-12-18,1.6,15.69
2021-12-19,1.6,8.65
2021-12-20,1.6,10.35
2021-12-21,1.6,13.31
2021-12-22,1.6,9.725
2021-12-23,1.6,9.15
2021-12-24,1.6,10.155
2021-12-25,1.6,8.229999
2021-12-26,1.6,6.45
2021-12-27,1.6,6.755
2021-12-28,1.6,6.36
2021-12-29,1.6,7.805
2021-12-30,1.6,7.68
2021-12-31,1.6,7.96
2022-01-01,1.6,9.560001
2022-01-02,1.6,10.7
2022-01-03,1.6,10.58
2022-01-04,1.6,9.495
2022-01-05,1.6,10.06
2022-01-06,1.6,10.225
2022-01-07,1.6,10.875
2022-01-08,1.6,11.26
2022-01-09,1.6,11.8
2022-01-10,1.6,12.745
2022-01-11,1.6,11.875
2022-01-12,1.6,12.91
2022-01-13,1.6,14.49
2022-01-14,1.6,14.83
2022-01-15,1.6,13.515
2022-01-16,1.6,14.715
2022-01-17,1.6,16.075
2022-01-18,1.6,15.63
2022-01-19,1.6,11.3
2022-01-20,1.6,11.41
2022-01-21,1.6,11.655
2022-01-22,1.6,10.38
2022-01-23,1.6,10.535
2022-01-24,1.6,10.805
2022-01-25,1.6,11.26
2022-01-26,1.6,12.135
2022-01-27,1.6,11.9
2022-01-28,1.6,13.8
2022-01-29,1.6,14.53
2022-01-30,1.6,13.46
2022-01-31,1.6,10.67
2022-02-01,1.6,11.02
2022-02-02,1.6,10.01
2022-02-03,1.6,10.645
2022-02-04,1.6,13.81
2022-02-05,1.6,14.46
2022-02-06,1.6,10.165
2022-02-07,1.6,8.58
2022-02-08,1.6,10.07
2022-02-09,1.6,7.795
2022-02-10,1.6,7.325
2022-02-11,1.6,8.495
2022-02-12,1.6,8.21
2022-02-13,1.6,8.65
2022-02-14,1.6,9.09
2022-02-15,1.6,8.74
2022-02-16,1.6,9.21
2022-02-17,1.6,11.57
2022-02-18,1.6,10.95
2022-02-19,1.6,12.07
2022-02-20,1.6,12.115
2022-02-21,1.6,12.31
2022-02-22,1.6,12.57
2022-02-23,1.6,13.57
2022-02-24,1.6,17.14
2022-02-25,1.6,17.89
2022-02-26,1.6,15.67
2022-02-27,1.6,16.465
2022-02-28,1.6,18.19
2022-03-01,1.6,16.52
2022-03-02,1.6,16.47
2022-03-03,1.6,17.64
2022-03-04,1.6,18.22
2022-03-05,1.6,16.42
2022-03-06,1.6,18.43
2022-03-07,1.6,20.42
2022-03-08,1.6,18.55
2022-03-09,1.6,19.2
2022-03-10,1.6,21.875
2022-03-11,1.6,17.54
2022-03-12,1.6,20.905
2022-03-13,1.6,24.3
2022-03-14,1.6,19.77
2022-03-15,1.6,18.525
2022-03-16,1.6,19.3
2022-03-17,1.6,17.43
2022-03-18,1.6,21.06
2022-03-19,1.6,23.115
2022-03-20,1.6,20.91
2022-03-21,1.6,21.02
2022-03-22,1.6,23.235
2022-03-23,1.6,27.18
2022-03-24,1.6,26.46
2022-03-25,1.6,26.31
2022-03-26,1.6,28.49
2022-03-27,1.6,25.5
2022-03-28,1.6,24.16
2022-03-29,1.6,25.47
2022-03-30,1.6,25.715
2022-03-31,1.6,24.395
2022-04-01,1.6,20.25
2022-04-02,1.6,17.55
2022-04-03,1.6,13.59
2022-04-04,1.6,13.35
2022-04-05,1.6,13.395
2022-04-06,1.6,12.065
2022-04-07,1.6,12.125
2022-04-08,1.6,15.2
2022-04-09,1.6,13.84
2022-04-10,1.6,14.38
2022-04-11,1.6,15.4
2022-04-12,1.6,14.72
2022-04-13,1.6,16.19
2022-04-14,1.6,14.31
2022-04-15,1.6,13.36
2022-04-16,1.6,11.775
2022-04-17,1.6,10.795
2022-04-18,1.6,11.84
2022-04-19,1.6,15.115
2022-04-20,1.6,15.19
2022-04-21,1.6,16.4
2022-04-22,1.6,13.56
2022-04-23,1.6,13.765
2022-04-24,1.6,13.92
2022-04-25,1.6,14.45
2022-04-26,1.6,15.49
2022-04-27,1.6,14.735
2022-04-28,1.6,14.825
2022-04-29,1.6,17.71
2022-04-30,1.6,16.71
2022-05-01,1.6,18.7
2022-05-02,1.6,16.51
2022-05-03,1.6,17.935
2022-05-04,1.6,16.915
2022-05-05,1.6,15.64
2022-05-06,1.6,16.515
2022-05-07,1.6,14.725
2022-05-08,1.6,14.88
2022-05-09,1.6,15.78
2022-05-10,1.6,14.205
2022-05-11,1.6,14.015
2022-05-12,1.6,14.535
2022-05-13,1.6,15.19
2022-05-14,1.6,14.1
2022-05-15,1.6,13.79
2022-05-16,1.6,13.585
2022-05-17,1.6,15.44
2022-05-18,1.6,16.465
2022-05-19,1.6,18.515
2022-05-20,1.6,19.8
2022-05-21,1.6,20.29
2022-05-22,1.6,19.85
2022-05-23,1.6,20.055
2022-05-24,1.6,17.165
2022-05-25,1.6,12.74
2022-05-26,1.6,11.935
2022-05-27,1.6,10.53
2022-05-28,1.6,8.84
2022-05-29,1.6,8.78
2022-05-30,1.6,9.36
2022-05-31,1.6,10.21
2022-06-01,1.6,12.52
2022-06-02,1.6,14.45
2022-06-03,1.6,17.555
2022-06-04,1.6,21.935
2022-06-05,1.6,24.05
2022-06-06,1.6,23.32
2022-06-07,1.6,22.76
2022-06-08,1.6,18.18
2022-06-09,1.6,16.67
2022-06-10,1.6,11.49
2022-06-11,1.6,11.28
2022-06-12,1.6,10.455
2022-06-13,1.6,10.655
2022-06-14,1.6,11.43
2022-06-15,1.6,11.23
2022-06-16,1.6,10.88
2022-06-17,1.6,9.810001
2022-06-18,1.6,5.805
2022-06-19,1.6,5.46
2022-06-20,1.6,5
2022-06-21,1.6,4.96
2022-06-22,1.6,4.74
2022-06-23,1.6,4.66
2022-06-24,1.6,4.79
2022-06-25,1.6,4.16
2022-06-26,1.6,3.67
2022-06-27,1.6,2.1
2022-06-28,1.6,1.74
2022-06-29,1.6,1.85
2022-06-30,1.6,2.595
2022-07-01,1.6,3.01
2022-07-02,1.6,2.46
2022-07-03,1.6,1.51
2022-07-04,1.6,1.35
2022-07-05,1.6,2.005
2022-07-06,1.6,3.3
2022-07-07,1.6,8.49
2022-07-08,1.6,10.15
2022-07-09,1.6,8.725
2022-07-10,1.6,6.58
2022-07-11,1.6,7.52
2022-07-12,1.6,8.97
2022-07-13,1.6,7.34
2022-07-14,1.6,8.585
2022-07-15,1.6,6.17
2022-07-16,1.6,10.6
2022-07-17,1.6,12.255
2022-07-18,1.6,12.83
2022-07-19,1.6,11.275
2022-07-20,1.6,10.385
2022-07-21,1.6,11.46
2022-07-22,1.6,9.4850005
2022-07-23,1.6,6.82
2022-07-24,1.6,6.39
2022-07-25,1.6,7.015
2022-07-26,1.6,7.96
2022-07-27,1.6,10.89
2022-07-28,1.6,14.03
2022-07-29,1.6,13.135
2022-07-30,1.6,11.94
2022-07-31,1.6,13.11
2022-08-01,1.6,13.335
2022-08-02,1.6,14.72
2022-08-03,1.6,12.88
2022-08-04,1.6,13.53
2022-08-05,1.6,11.69
2022-08-06,1.6,11.2
2022-08-07,1.6,8.15
2022-08-08,1.6,9.79
2022-08-09,1.6,11.41
2022-08-10,1.6,13.74
2022-08-11,1.6,9.729999
2022-08-12,1.6,8.6949995
2022-08-13,1.6,8.95
2022-08-14,1.6,9.4
2022-08-15,1.6,9.64
2022-08-16,1.6,10.35
2022-08-17,1.6,11.43
2022-08-18,1.6,13.32
2022-08-19,1.6,14.53
2022-08-20,1.6,14.43
2022-08-21,1.6,15.62
2022-08-22,1.6,13.62
2022-08-23,1.6,11.665
2022-08-24,1.6,10
2022-08-25,1.6,11.595
2022-08-26,1.6,10.0549995
2022-08-27,1.6,9.365
2022-08-28,1.6,12.51
2022-08-29,1.6,12.83
2022-08-30,1.6,13.735
2022-08-31,1.6,9.89
2022-09-01,1.6,10.19
2022-09-02,1.6,10.14
2022-09-03,1.6,13.47
2022-09-04,1.6,14.4
2022-09-05,1.6,13.67
2022-09-06,1.6,12.67
2022-09-07,1.6,10.09
2022-09-08,1.6,12.66
2022-09-09,1.6,12.41
2022-09-10,1.6,13.26
2022-09-11,1.6,15.62
2022-09-12,1.6,17.985
2022-09-13,1.6,14.45
2022-09-14,1.6,14.07
2022-09-15,1.6,14.6
2022-09-16,1.6,17.005
2022-09-17,1.6,19.185
2022-09-18,1.6,16.87
2022-09-19,1.6,20.035
2022-09-20,1.6,19.33
2022-09-21,1.6,20.15
2022-09-22,1.6,14.38
2022-09-23,1.6,14.54
2022-09-24,1.6,15.11
2022-09-25,1.6,15.02
2022-09-26,1.6,13.89
2022-09-27,1.6,12.55
2022-09-28,1.6,12.73
2022-09-29,1.6,13.28
2022-09-30,1.6,13.255
2022-10-01,1.6,14.38
2022-10-02,1.6,13.715
2022-10-03,1.6,11.53
2022-10-04,1.6,10.905
2022-10-05,1.6,10.205
2022-10-06,1.6,9.34
2022-10-07,1.6,9.770001
2022-10-08,1.6,9.4
2022-10-09,1.6,9.36
2022-10-10,1.6,8.9849995
2022-10-11,1.6,9.635
2022-10-12,1.6,10
2022-10-13,1.6,11.07
2022-10-14,1.6,10.495
2022-10-15,1.6,10.25
2022-10-16,1.6,10.945
2022-10-17,1.6,13.39
2022-10-18,1.6,11.88
2022-10-19,1.6,11.81
2022-10-20,1.6,11.06
2022-10-21,1.6,11.61
2022-10-22,1.6,10.76
2022-10-23,1.6,10.25
2022-10-24,1.6,11.01
2022-10-25,1.6,11.61
2022-10-26,1.6,13.66
2022-10-27,1.6,12.21
2022-10-28,1.6,12.255
2022-10-29,1.6,13.53
2022-10-30,1.6,14.915
2022-10-31,1.6,14.835
2022-11-01,1.6,16.92
2022-11-02,1.6,13.595
2022-11-03,1.6,15.52
2022-11-04,1.6,19.41
2022-11-05,1.6,26.445
2022-11-06,1.6,29.14
2022-11-07,1.6,23.03
2022-11-08,1.6,20.615
2022-11-09,1.6,22.17
2022-11-10,1.6,19.935
2022-11-11,1.6,22.195
2022-11-12,1.6,23.335
2022-11-13,1.6,21.08
2022-11-14,1.6,17.46
2022-11-15,1.6,17.93
2022-11-16,1.6,17.59
2022-11-17,1.6,14.73
2022-11-18,1.6,17.355
2022-11-19,1.6,19.065
2022-11-20,1.6,17.805
2022-11-21,1.6,18.24
2022-11-22,1.6,16.57
2022-11-23,1.6,15.945
2022-11-24,1.6,17.005
2022-11-25,1.6,15.305
2022-11-26,1.6,14.065
2022-11-27,1.6,15.785
2022-11-28,1.6,15.32
2022-11-29,1.6,13.745
2022-11-30,1.6,16.08
2022-12-01,1.6,14.375
2022-12-02,1.6,13.175
2022-12-03,1.6,11.79
2022-12-04,1.6,10.96
2022-12-05,1.6,10.05
2022-12-06,1.6,9.76
2022-12-07,1.6,8.68
2022-12-08,1.6,8.5500005
2022-12-09,1.6,7.08
2022-12-10,1.6,8.3200005
2022-12-11,1.6,7.82
2022-12-12,1.6,7.58
2022-12-17,1.6,5.255
2022-12-18,1.6,5.185
2022-12-19,1.6,5.355
2022-12-20,1.6,5.35
2022-12-21,1.6,5.7
2022-12-22,1.6,6.695
2022-12-23,1.6,6.935
2022-12-24,1.6,7.41
2022-12-25,1.6,7.21
2022-12-26,1.6,8.39
2022-12-27,1.6,7.87
2022-12-28,1.6,8
2022-12-29,1.6,7.94
